{
  "M": 0.09622841029256257,
  "EM": 0.0,
  "F1": 0.0304171317943605,
  "Precision": 0.018955442444239527,
  "Recall": 0.15526240874361466,
  "Rouge-1": 0.04356692804270648,
  "Rouge-2": 0.008392208988669044,
  "Rouge-L": 0.041988432285974674
}