{
  "M": 0.4905357142857143,
  "EM": 0.0,
  "F1": 0.060082000595273306,
  "Precision": 0.03432342420723496,
  "Recall": 0.39646409687893686,
  "Rouge-1": 0.07575652930342354,
  "Rouge-2": 0.030931054890701606,
  "Rouge-L": 0.07497687770980213
}