{
  "M": 0.7631300669721537,
  "EM": 0.00035248501938667606,
  "F1": 0.10671075790393257,
  "Precision": 0.06553046973515216,
  "Recall": 0.6053477188881357,
  "Rouge-1": 0.13648751284501948,
  "Rouge-2": 0.060452639639153004,
  "Rouge-L": 0.13293874148922313
}