{
  "M": 0.7648598130841121,
  "EM": 0.001869158878504673,
  "F1": 0.13751493124979716,
  "Precision": 0.08944866579457121,
  "Recall": 0.5435508251947782,
  "Rouge-1": 0.19036865505819173,
  "Rouge-2": 0.08633025736470239,
  "Rouge-L": 0.18573293449685313
}