{
  "M": 0.7299964751498061,
  "EM": 0.0017624250969333803,
  "F1": 0.12279231671443201,
  "Precision": 0.07861665595309521,
  "Recall": 0.5755972586360156,
  "Rouge-1": 0.15991892861089455,
  "Rouge-2": 0.07373875301478519,
  "Rouge-L": 0.15600575215441606
}