{
  "M": 0.662671836446951,
  "EM": 0.0007049700387733521,
  "F1": 0.1046690433712038,
  "Precision": 0.0662471005221338,
  "Recall": 0.5191839127197226,
  "Rouge-1": 0.14644893311473264,
  "Rouge-2": 0.060321936924099505,
  "Rouge-L": 0.14277829329769295
}