{
  "M": 0.7730841121495328,
  "EM": 0.004485981308411215,
  "F1": 0.1499711486333007,
  "Precision": 0.0986914189715067,
  "Recall": 0.5502941188562663,
  "Rouge-1": 0.20491190615505747,
  "Rouge-2": 0.0962547417265499,
  "Rouge-L": 0.19984264373348848
}