{
  "M": 0.5406214900786223,
  "EM": 0.0,
  "F1": 0.08735305193176555,
  "Precision": 0.054526915930795075,
  "Recall": 0.4612021094078688,
  "Rouge-1": 0.12178477410431585,
  "Rouge-2": 0.04693094041295373,
  "Rouge-L": 0.11804407384988774
}