{
  "M": 0.3119642857142857,
  "EM": 0.0,
  "F1": 0.056873378080681526,
  "Precision": 0.033914284658467755,
  "Recall": 0.2682822367476005,
  "Rouge-1": 0.0737503649217757,
  "Rouge-2": 0.03019888978851892,
  "Rouge-L": 0.07284723287242152
}