{
  "M": 0.1016822429906542,
  "EM": 0.0,
  "F1": 0.030141000525685944,
  "Precision": 0.01897158158015012,
  "Recall": 0.15303505993804184,
  "Rouge-1": 0.04124221383649725,
  "Rouge-2": 0.0073716283873811305,
  "Rouge-L": 0.039923713550135895
}