{
  "M": 0.13922155688622753,
  "EM": 0.0,
  "F1": 0.03865331512273981,
  "Precision": 0.02410984568975873,
  "Recall": 0.18454001557814606,
  "Rouge-1": 0.04836835283688686,
  "Rouge-2": 0.012169664957898434,
  "Rouge-L": 0.046364613175302626
}