{
  "M": 0.5172352205751027,
  "EM": 0.0,
  "F1": 0.059530790377431,
  "Precision": 0.03365485030012271,
  "Recall": 0.4144201718663822,
  "Rouge-1": 0.07917076874046748,
  "Rouge-2": 0.03150769099709392,
  "Rouge-L": 0.07788096040378412
}