{
  "M": 0.7480373831775701,
  "EM": 0.0014953271028037382,
  "F1": 0.12641480259102164,
  "Precision": 0.08080013309987308,
  "Recall": 0.5635936975142424,
  "Rouge-1": 0.17093287558797193,
  "Rouge-2": 0.07804230040931992,
  "Rouge-L": 0.16694507064816255
}