{
  "M": 0.52125,
  "EM": 0.00035714285714285714,
  "F1": 0.07131760737240293,
  "Precision": 0.04235154081139115,
  "Recall": 0.3651651603048593,
  "Rouge-1": 0.10484189027203489,
  "Rouge-2": 0.04482297936820857,
  "Rouge-L": 0.10380533961280565
}