{
  "M": 0.6425801903419105,
  "EM": 0.0007049700387733521,
  "F1": 0.09805759664506769,
  "Precision": 0.06120209780586613,
  "Recall": 0.5186244979832487,
  "Rouge-1": 0.13543598820491348,
  "Rouge-2": 0.05510238323243783,
  "Rouge-L": 0.13165995524745638
}