{
  "M": 0.7648598130841121,
  "EM": 0.0022429906542056075,
  "F1": 0.13335850219285697,
  "Precision": 0.08581086975361597,
  "Recall": 0.5606702735561835,
  "Rouge-1": 0.18108647047979018,
  "Rouge-2": 0.08373050305107986,
  "Rouge-L": 0.17656932772248607
}