{
  "M": 0.26736917306661906,
  "EM": 0.0,
  "F1": 0.052580153739680016,
  "Precision": 0.031209174811437406,
  "Recall": 0.24709076807745328,
  "Rouge-1": 0.06790450584213127,
  "Rouge-2": 0.025835329224762258,
  "Rouge-L": 0.06687766232830168
}