{
  "M": 0.5436166229876451,
  "EM": 0.0,
  "F1": 0.0893917791990474,
  "Precision": 0.055736457282412076,
  "Recall": 0.46772565078586686,
  "Rouge-1": 0.12424312287531596,
  "Rouge-2": 0.047632038702529925,
  "Rouge-L": 0.12064945242249936
}