{
  "M": 0.5443829255224147,
  "EM": 0.008751562779067691,
  "F1": 0.09416996865217356,
  "Precision": 0.06107991413596887,
  "Recall": 0.42484867877922367,
  "Rouge-1": 0.1205140617442818,
  "Rouge-2": 0.05583745565557073,
  "Rouge-L": 0.11899651272275903
}