{
  "M": 0.7551401869158878,
  "EM": 0.0014953271028037382,
  "F1": 0.1262689799808149,
  "Precision": 0.08072504929164628,
  "Recall": 0.562184652144768,
  "Rouge-1": 0.17205564438549692,
  "Rouge-2": 0.07779365358978747,
  "Rouge-L": 0.16824115298137857
}