{
  "M": 0.6379978850898836,
  "EM": 0.0007049700387733521,
  "F1": 0.0988456276021953,
  "Precision": 0.06170851194259355,
  "Recall": 0.5119984851202316,
  "Rouge-1": 0.13639223318502497,
  "Rouge-2": 0.05644041609121448,
  "Rouge-L": 0.13301374756490908
}