{
  "M": 0.8332710280373832,
  "EM": 0.010467289719626169,
  "F1": 0.16480466681133027,
  "Precision": 0.11118946760041802,
  "Recall": 0.611876243680521,
  "Rouge-1": 0.2095750394227057,
  "Rouge-2": 0.11007979447219375,
  "Rouge-L": 0.20563911833658452
}