{
  "M": 0.3680357142857143,
  "EM": 0.0,
  "F1": 0.06508716167659939,
  "Precision": 0.0387664476002809,
  "Recall": 0.308146826874229,
  "Rouge-1": 0.08393009828498545,
  "Rouge-2": 0.035720108024736665,
  "Rouge-L": 0.08293913872305124
}