{
  "M": 0.6366355140186916,
  "EM": 0.0,
  "F1": 0.08696995539598736,
  "Precision": 0.052221967047601243,
  "Recall": 0.5297564608262506,
  "Rouge-1": 0.11225920572662647,
  "Rouge-2": 0.04945948178637192,
  "Rouge-L": 0.10944330120828893
}