{
  "M": 0.7440958759252732,
  "EM": 0.003172365174480085,
  "F1": 0.13098029317755952,
  "Precision": 0.0853195941889661,
  "Recall": 0.5733544970707434,
  "Rouge-1": 0.17033112450962518,
  "Rouge-2": 0.08085555748781123,
  "Rouge-L": 0.16655082561734114
}