{
  "M": 0.8138317757009346,
  "EM": 0.00037383177570093456,
  "F1": 0.12248802940157873,
  "Precision": 0.07651843057987823,
  "Recall": 0.6273362429981155,
  "Rouge-1": 0.15158040420393046,
  "Rouge-2": 0.07258789446252678,
  "Rouge-L": 0.1475597619439072
}