{
  "M": 0.34035714285714286,
  "EM": 0.0,
  "F1": 0.05891997461770172,
  "Precision": 0.03475060975596026,
  "Recall": 0.287852834476632,
  "Rouge-1": 0.07735905248482022,
  "Rouge-2": 0.030547868845299184,
  "Rouge-L": 0.07638216591912403
}