{
  "M": 0.515270584032863,
  "EM": 0.0,
  "F1": 0.06073872492562531,
  "Precision": 0.03455622043726822,
  "Recall": 0.4135266703166447,
  "Rouge-1": 0.07998245440149784,
  "Rouge-2": 0.0327144047002504,
  "Rouge-L": 0.07861682561404192
}