{
  "M": 0.7099550898203593,
  "EM": 0.0,
  "F1": 0.10103205978745766,
  "Precision": 0.06253587175102586,
  "Recall": 0.5682007496985949,
  "Rouge-1": 0.13080350526268297,
  "Rouge-2": 0.0578212289013253,
  "Rouge-L": 0.12720236523927297
}