{
  "M": 0.5160714285714286,
  "EM": 0.0,
  "F1": 0.06162829704086637,
  "Precision": 0.035177040859233,
  "Recall": 0.41408391318433885,
  "Rouge-1": 0.07868058521442217,
  "Rouge-2": 0.03261024577106395,
  "Rouge-L": 0.07782649786118936
}