{
  "M": 0.5910714285714286,
  "EM": 0.018571428571428572,
  "F1": 0.11109787315890117,
  "Precision": 0.07651154323249303,
  "Recall": 0.46023735170595664,
  "Rouge-1": 0.13617602069582732,
  "Rouge-2": 0.06870873690544536,
  "Rouge-L": 0.13533874441981833
}