{
  "M": 0.566828903032572,
  "EM": 0.0,
  "F1": 0.09343157699068956,
  "Precision": 0.05844239171913173,
  "Recall": 0.47353125694641146,
  "Rouge-1": 0.1294520412164775,
  "Rouge-2": 0.05108450390793813,
  "Rouge-L": 0.12537372559209925
}