{
  "M": 0.7328163553048995,
  "EM": 0.0017624250969333803,
  "F1": 0.12430300949129808,
  "Precision": 0.07948369636580394,
  "Recall": 0.5785228486056158,
  "Rouge-1": 0.16220620308863046,
  "Rouge-2": 0.07563942206502422,
  "Rouge-L": 0.1586101033506417
}