{
  "M": 0.6383503701092703,
  "EM": 0.0007049700387733521,
  "F1": 0.09869224943309476,
  "Precision": 0.06165785380653239,
  "Recall": 0.5196273359073375,
  "Rouge-1": 0.13606485980659772,
  "Rouge-2": 0.05521481002094473,
  "Rouge-L": 0.13229388071085696
}