{
  "M": 0.055784350430550356,
  "EM": 0.0,
  "F1": 0.02838595775945295,
  "Precision": 0.017766991546434515,
  "Recall": 0.13220633239291452,
  "Rouge-1": 0.04011441681950256,
  "Rouge-2": 0.00608989408735147,
  "Rouge-L": 0.03851386556387898
}