{
  "M": 0.5085714285714286,
  "EM": 0.0,
  "F1": 0.0628795313822129,
  "Precision": 0.03599221129351756,
  "Recall": 0.4009696921639162,
  "Rouge-1": 0.08007336816847355,
  "Rouge-2": 0.033096491352257056,
  "Rouge-L": 0.07905529215163572
}