{
  "M": 0.09340853013746915,
  "EM": 0.0,
  "F1": 0.02982595763998783,
  "Precision": 0.018600322533784207,
  "Recall": 0.15096179770225054,
  "Rouge-1": 0.04272106496111758,
  "Rouge-2": 0.007902035141986015,
  "Rouge-L": 0.04092883087325346
}