{
  "M": 0.2814788355063404,
  "EM": 0.0001786033220217896,
  "F1": 0.053745596845172806,
  "Precision": 0.031898498320875324,
  "Recall": 0.26295367733241287,
  "Rouge-1": 0.06816176715661884,
  "Rouge-2": 0.028014606733795067,
  "Rouge-L": 0.06717221793596263
}