{
  "M": 0.6555597154623737,
  "EM": 0.001497566454511419,
  "F1": 0.1174472246438055,
  "Precision": 0.07548117766264648,
  "Recall": 0.5228676364922002,
  "Rouge-1": 0.1549822870135978,
  "Rouge-2": 0.07105836235111475,
  "Rouge-L": 0.1516301464526489
}