{
  "M": 0.5061618146097517,
  "EM": 0.0,
  "F1": 0.05894072385367883,
  "Precision": 0.033415958004347296,
  "Recall": 0.40698605505080787,
  "Rouge-1": 0.07786005241533532,
  "Rouge-2": 0.031210482566925966,
  "Rouge-L": 0.07646939181072367
}