{
  "M": 0.21639835267690002,
  "EM": 0.0,
  "F1": 0.04765744389038956,
  "Precision": 0.029576609872977222,
  "Recall": 0.23842652805297834,
  "Rouge-1": 0.06023194828083305,
  "Rouge-2": 0.017554757867625864,
  "Rouge-L": 0.05767355231976172
}