{
  "M": 0.0927035600986958,
  "EM": 0.0,
  "F1": 0.029699822692875865,
  "Precision": 0.018477752159834278,
  "Recall": 0.15018273387464015,
  "Rouge-1": 0.04261231453976768,
  "Rouge-2": 0.007630945233990756,
  "Rouge-L": 0.04117153193625896
}