{
  "M": 0.6929988768251591,
  "EM": 0.0018719580681392737,
  "F1": 0.12027910844343644,
  "Precision": 0.07689135040248446,
  "Recall": 0.5462435606830265,
  "Rouge-1": 0.15763826895706654,
  "Rouge-2": 0.07363099718564997,
  "Rouge-L": 0.15423332268268242
}