{
  "M": 0.4303571428571429,
  "EM": 0.0,
  "F1": 0.0718677699998692,
  "Precision": 0.04255422141622241,
  "Recall": 0.3514908375400829,
  "Rouge-1": 0.0936510185891236,
  "Rouge-2": 0.03942789749560134,
  "Rouge-L": 0.0925963732543095
}