{
  "M": 0.7566355140186916,
  "EM": 0.001869158878504673,
  "F1": 0.1325572216376522,
  "Precision": 0.08531606094657285,
  "Recall": 0.5532420447861981,
  "Rouge-1": 0.18271837283086703,
  "Rouge-2": 0.08355398023569385,
  "Rouge-L": 0.1781614925939609
}