{
  "M": 0.8242990654205608,
  "EM": 0.0007476635514018691,
  "F1": 0.12761249912969355,
  "Precision": 0.07984478103575197,
  "Recall": 0.6354145941698647,
  "Rouge-1": 0.16445661807448134,
  "Rouge-2": 0.07751652620831204,
  "Rouge-L": 0.16017444709633608
}