{
  "M": 0.5259867833541704,
  "EM": 0.00928737274513306,
  "F1": 0.09583130902517381,
  "Precision": 0.06298094550094509,
  "Recall": 0.4220186172841155,
  "Rouge-1": 0.12095516361603793,
  "Rouge-2": 0.05498197830791574,
  "Rouge-L": 0.11947524976807697
}