{
  "M": 0.3314285714285714,
  "EM": 0.0,
  "F1": 0.057171902296627886,
  "Precision": 0.0337963472762084,
  "Recall": 0.28126100932183695,
  "Rouge-1": 0.0758310884981447,
  "Rouge-2": 0.02955483965278944,
  "Rouge-L": 0.07477703151197801
}