{
  "M": 0.5103571428571428,
  "EM": 0.00017857142857142857,
  "F1": 0.07064026835967872,
  "Precision": 0.041836728803426156,
  "Recall": 0.3627639687047374,
  "Rouge-1": 0.10325307002535529,
  "Rouge-2": 0.04351418269522997,
  "Rouge-L": 0.10190984855453826
}