{
  "M": 0.6443426154388439,
  "EM": 0.0010574550581600281,
  "F1": 0.09584183235869312,
  "Precision": 0.05956407673781119,
  "Recall": 0.5222643238228598,
  "Rouge-1": 0.13289839785808266,
  "Rouge-2": 0.05288348045758419,
  "Rouge-L": 0.12920760388854569
}