{
  "M": 0.6092814371257484,
  "EM": 0.0,
  "F1": 0.08508438542084906,
  "Precision": 0.050904657388912616,
  "Recall": 0.5181042171779425,
  "Rouge-1": 0.10654301543821808,
  "Rouge-2": 0.04875981870525545,
  "Rouge-L": 0.10450478263018528
}