{
  "M": 0.7144871342967923,
  "EM": 0.0010574550581600281,
  "F1": 0.12459463900903456,
  "Precision": 0.07983447841264979,
  "Recall": 0.5349503501335836,
  "Rouge-1": 0.16847418335544057,
  "Rouge-2": 0.0750212315153568,
  "Rouge-L": 0.16403766980276144
}