{
  "M": 0.6948708348932984,
  "EM": 0.0018719580681392737,
  "F1": 0.12194605451119502,
  "Precision": 0.0784832501691447,
  "Recall": 0.5536618675742417,
  "Rouge-1": 0.15787832450378653,
  "Rouge-2": 0.07490588130616847,
  "Rouge-L": 0.15446850699733206
}