{
  "M": 0.7455058160028198,
  "EM": 0.0,
  "F1": 0.10025017984627485,
  "Precision": 0.060836803423602766,
  "Recall": 0.6051704874380675,
  "Rouge-1": 0.1298095709251334,
  "Rouge-2": 0.057181049368149876,
  "Rouge-L": 0.1263300994119724
}