{
  "M": 0.7712372224180473,
  "EM": 0.00035248501938667606,
  "F1": 0.10169774876291253,
  "Precision": 0.06183961141097002,
  "Recall": 0.6297451704752364,
  "Rouge-1": 0.13020938044850452,
  "Rouge-2": 0.057480194309031486,
  "Rouge-L": 0.12685866208979962
}