{
  "M": 0.6948708348932984,
  "EM": 0.0,
  "F1": 0.09291070782368267,
  "Precision": 0.056375462008022584,
  "Recall": 0.57684699235771,
  "Rouge-1": 0.11891952834377702,
  "Rouge-2": 0.05078103432478074,
  "Rouge-L": 0.11519183991716765
}