{
  "M": 0.23616496298907297,
  "EM": 0.0,
  "F1": 0.04754177810367608,
  "Precision": 0.02939109460483751,
  "Recall": 0.2523573301903438,
  "Rouge-1": 0.06009299736532258,
  "Rouge-2": 0.018756584047499678,
  "Rouge-L": 0.05794068324447856
}