{
  "M": 0.62125,
  "EM": 0.015,
  "F1": 0.11338255788718818,
  "Precision": 0.07517433540696057,
  "Recall": 0.47416883458695713,
  "Rouge-1": 0.1423984429031814,
  "Rouge-2": 0.06931004337979776,
  "Rouge-L": 0.14093834346887918
}