{
  "M": 0.7285865350722595,
  "EM": 0.0017624250969333803,
  "F1": 0.12500269572647,
  "Precision": 0.08054514235052015,
  "Recall": 0.5672904919303993,
  "Rouge-1": 0.16330096671435732,
  "Rouge-2": 0.0758353369282548,
  "Rouge-L": 0.15949464249871556
}