{
  "M": 0.817196261682243,
  "EM": 0.00037383177570093456,
  "F1": 0.1238475098482463,
  "Precision": 0.07757414892996915,
  "Recall": 0.6222106395973699,
  "Rouge-1": 0.15635083022427818,
  "Rouge-2": 0.07439672892636923,
  "Rouge-L": 0.15237160642078862
}