{
  "M": 0.6348255199154036,
  "EM": 0.0007049700387733521,
  "F1": 0.0972265251550116,
  "Precision": 0.060340767711478296,
  "Recall": 0.5198051591944427,
  "Rouge-1": 0.13347910536666752,
  "Rouge-2": 0.054251616292963885,
  "Rouge-L": 0.12995518288787705
}