{
  "M": 0.3533928571428571,
  "EM": 0.0,
  "F1": 0.06141315831006682,
  "Precision": 0.036347884769370536,
  "Recall": 0.2991205465731256,
  "Rouge-1": 0.08016805976454368,
  "Rouge-2": 0.03215853101002964,
  "Rouge-L": 0.07915389947826194
}