{
  "M": 0.8119626168224299,
  "EM": 0.00037383177570093456,
  "F1": 0.13443353822040663,
  "Precision": 0.08550746305059864,
  "Recall": 0.6225109259678561,
  "Rouge-1": 0.16748075116938368,
  "Rouge-2": 0.0797548434151397,
  "Rouge-L": 0.1632409759635724
}