{
  "M": 0.34625,
  "EM": 0.0,
  "F1": 0.05949538472384152,
  "Precision": 0.035064169525173876,
  "Recall": 0.29081000215231473,
  "Rouge-1": 0.07782810065106772,
  "Rouge-2": 0.03110559461765617,
  "Rouge-L": 0.07680826229904185
}