{
  "M": 0.5717857142857142,
  "EM": 0.01892857142857143,
  "F1": 0.11008888979645048,
  "Precision": 0.07625425193846284,
  "Recall": 0.44441422769650735,
  "Rouge-1": 0.13463459900624436,
  "Rouge-2": 0.06798336189503847,
  "Rouge-L": 0.13345333609408871
}