{
  "M": 0.615,
  "EM": 0.013571428571428571,
  "F1": 0.1110490512441079,
  "Precision": 0.07374585412640229,
  "Recall": 0.46854977167302325,
  "Rouge-1": 0.13946945424970503,
  "Rouge-2": 0.06830353677064777,
  "Rouge-L": 0.1382375151447722
}