{
  "M": 0.52,
  "EM": 0.00035714285714285714,
  "F1": 0.07108180006451698,
  "Precision": 0.04200654475836288,
  "Recall": 0.3747547997690979,
  "Rouge-1": 0.10224887959133686,
  "Rouge-2": 0.04333204752970105,
  "Rouge-L": 0.10118020667493076
}