{
  "M": 0.50625,
  "EM": 0.00017857142857142857,
  "F1": 0.07027664167753647,
  "Precision": 0.04167333045305076,
  "Recall": 0.3601242034048314,
  "Rouge-1": 0.1026789728941676,
  "Rouge-2": 0.04359300858271717,
  "Rouge-L": 0.10167542360379637
}