{
  "M": 0.7103293413173652,
  "EM": 0.0,
  "F1": 0.10156574500155366,
  "Precision": 0.06282210953259623,
  "Recall": 0.5685891340379375,
  "Rouge-1": 0.130772906294957,
  "Rouge-2": 0.05737910009023179,
  "Rouge-L": 0.12706905448889977
}