{
  "M": 0.05166604268064395,
  "EM": 0.0,
  "F1": 0.028044916505745088,
  "Precision": 0.017395739722822805,
  "Recall": 0.13644975067475063,
  "Rouge-1": 0.04152195013065931,
  "Rouge-2": 0.005972149943133549,
  "Rouge-L": 0.03997906329854081
}