{
  "M": 0.7476635514018691,
  "EM": 0.0022429906542056075,
  "F1": 0.13122550325876217,
  "Precision": 0.08468602385777974,
  "Recall": 0.5583577428634038,
  "Rouge-1": 0.17855091645713767,
  "Rouge-2": 0.08104832883145298,
  "Rouge-L": 0.17436813219531636
}