{
  "M": 0.03663551401869159,
  "EM": 0.0,
  "F1": 0.022852535382812244,
  "Precision": 0.014541030410397598,
  "Recall": 0.09997554483031144,
  "Rouge-1": 0.029816897228676913,
  "Rouge-2": 0.0033823754303358394,
  "Rouge-L": 0.028582763531073672
}