{
  "M": 0.027704979408461252,
  "EM": 0.0,
  "F1": 0.026007449310076734,
  "Precision": 0.0162959398322796,
  "Recall": 0.11951874049187691,
  "Rouge-1": 0.03739885049284665,
  "Rouge-2": 0.004434076622287002,
  "Rouge-L": 0.03596729992342698
}