{
  "M": 0.8284112149532711,
  "EM": 0.0,
  "F1": 0.15195541914740043,
  "Precision": 0.09719428836729382,
  "Recall": 0.6533160520448065,
  "Rouge-1": 0.18862476641199327,
  "Rouge-2": 0.08888363227916903,
  "Rouge-L": 0.1824629435935376
}