{
  "M": 0.7486781811773,
  "EM": 0.00035248501938667606,
  "F1": 0.09721447886204986,
  "Precision": 0.059018605833620015,
  "Recall": 0.6112072885149376,
  "Rouge-1": 0.125138514693191,
  "Rouge-2": 0.05426524107105595,
  "Rouge-L": 0.12144338646673791
}