{
  "M": 0.5334881228790855,
  "EM": 0.009823182711198428,
  "F1": 0.0956843107182587,
  "Precision": 0.06237569726654244,
  "Recall": 0.4179035336449558,
  "Rouge-1": 0.12185852108281524,
  "Rouge-2": 0.05562973937391348,
  "Rouge-L": 0.12023339067347157
}