{
  "M": 0.7020958083832335,
  "EM": 0.0037425149700598802,
  "F1": 0.12715753213507444,
  "Precision": 0.08352839951073067,
  "Recall": 0.5458164993343573,
  "Rouge-1": 0.16619075217698662,
  "Rouge-2": 0.07948620810150693,
  "Rouge-L": 0.16240783023893107
}