{
  "M": 0.49339285714285713,
  "EM": 0.00017857142857142857,
  "F1": 0.0599844458733082,
  "Precision": 0.034346020384118006,
  "Recall": 0.3972500534197239,
  "Rouge-1": 0.07627937083531508,
  "Rouge-2": 0.030687127823222145,
  "Rouge-L": 0.07525648962586977
}