{
  "M": 0.5192857142857142,
  "EM": 0.00017857142857142857,
  "F1": 0.07108956457996728,
  "Precision": 0.042064193576173116,
  "Recall": 0.36788383113873074,
  "Rouge-1": 0.10433979928403533,
  "Rouge-2": 0.04392027345760836,
  "Rouge-L": 0.10318582357125321
}