{
  "M": 0.5218789069476693,
  "EM": 0.0,
  "F1": 0.0630000612887615,
  "Precision": 0.03592979171365434,
  "Recall": 0.4119160459606523,
  "Rouge-1": 0.08283163657534738,
  "Rouge-2": 0.03377514861634867,
  "Rouge-L": 0.08156777555731429
}