{
  "M": 0.03294646199925122,
  "EM": 0.0,
  "F1": 0.02618991920131442,
  "Precision": 0.016385401717884964,
  "Recall": 0.11841537442552597,
  "Rouge-1": 0.03723461249731509,
  "Rouge-2": 0.004773597721325558,
  "Rouge-L": 0.03583464403959327
}