{
  "M": 0.5259867833541704,
  "EM": 0.0,
  "F1": 0.06119839517406341,
  "Precision": 0.03480070779148903,
  "Recall": 0.4089030438741066,
  "Rouge-1": 0.08148564237674559,
  "Rouge-2": 0.03273570378021779,
  "Rouge-L": 0.08019632916134589
}