{
  "M": 0.5233928571428571,
  "EM": 0.00035714285714285714,
  "F1": 0.06922113493550626,
  "Precision": 0.04055300363688955,
  "Recall": 0.37912078117730336,
  "Rouge-1": 0.09932390135088241,
  "Rouge-2": 0.041686255814606686,
  "Rouge-L": 0.09826363675352419
}