{
  "M": 0.5343811394891945,
  "EM": 0.010180389355242007,
  "F1": 0.09690492254029077,
  "Precision": 0.0637323154019477,
  "Recall": 0.42190290069095,
  "Rouge-1": 0.12288249312513799,
  "Rouge-2": 0.05702943983538817,
  "Rouge-L": 0.12118951753422127
}