{
  "M": 0.6542121959816708,
  "EM": 0.0007049700387733521,
  "F1": 0.09968856154751254,
  "Precision": 0.062140982704912445,
  "Recall": 0.5278755523557295,
  "Rouge-1": 0.13684692343936833,
  "Rouge-2": 0.0559636819899528,
  "Rouge-L": 0.13310486162400736
}