{
  "M": 0.6517448008459641,
  "EM": 0.0014099400775467042,
  "F1": 0.10360818734714917,
  "Precision": 0.06517622714041893,
  "Recall": 0.5254513243900774,
  "Rouge-1": 0.14089516788850684,
  "Rouge-2": 0.05889327267265193,
  "Rouge-L": 0.137131884873854
}