{
  "M": 0.5766071428571429,
  "EM": 0.018214285714285714,
  "F1": 0.10843287005352997,
  "Precision": 0.07441898751716139,
  "Recall": 0.4436916114838771,
  "Rouge-1": 0.13281430518733905,
  "Rouge-2": 0.06692230991540855,
  "Rouge-L": 0.13169351202542853
}