{
  "M": 0.6355304899541769,
  "EM": 0.0007049700387733521,
  "F1": 0.0969176406374477,
  "Precision": 0.06026534976354619,
  "Recall": 0.5134123079765028,
  "Rouge-1": 0.13458644154980273,
  "Rouge-2": 0.054489795499871437,
  "Rouge-L": 0.13103187634516675
}