{
  "M": 0.2515911643579184,
  "EM": 0.0,
  "F1": 0.05115153487383435,
  "Precision": 0.0318872013208872,
  "Recall": 0.2578768266172247,
  "Rouge-1": 0.06516780226541308,
  "Rouge-2": 0.020354135011709094,
  "Rouge-L": 0.06265316235717593
}