{
  "M": 0.6178571428571429,
  "EM": 0.013928571428571429,
  "F1": 0.11134233356781147,
  "Precision": 0.07371832308607713,
  "Recall": 0.4710866526987436,
  "Rouge-1": 0.14002939257741376,
  "Rouge-2": 0.0688599244449792,
  "Rouge-L": 0.13870187451285168
}