{
  "M": 0.6199925121677274,
  "EM": 0.0,
  "F1": 0.09762409940779579,
  "Precision": 0.06115820193761405,
  "Recall": 0.5018753458283914,
  "Rouge-1": 0.13626693580671045,
  "Rouge-2": 0.05495801493613848,
  "Rouge-L": 0.13270317700638057
}