{
  "M": 0.822803738317757,
  "EM": 0.00897196261682243,
  "F1": 0.16334159909641968,
  "Precision": 0.10983624336693104,
  "Recall": 0.6131323269141644,
  "Rouge-1": 0.20806342442127496,
  "Rouge-2": 0.10793054726010667,
  "Rouge-L": 0.20380296421386332
}