{
  "M": 0.4876785714285714,
  "EM": 0.0,
  "F1": 0.059079515051768255,
  "Precision": 0.03365287814373687,
  "Recall": 0.3955949369273534,
  "Rouge-1": 0.07432122314230502,
  "Rouge-2": 0.03026338299477337,
  "Rouge-L": 0.073336081690741
}