{
  "M": 0.24107142857142858,
  "EM": 0.06732142857142857,
  "F1": 0.08217146713816861,
  "Precision": 0.06635087216570949,
  "Recall": 0.18251875957873026,
  "Rouge-1": 0.12328316193045052,
  "Rouge-2": 0.056112078472533904,
  "Rouge-L": 0.12187865523066814
}