{
  "M": 0.5556349348097874,
  "EM": 0.00910876942311127,
  "F1": 0.09603811995036747,
  "Precision": 0.06209751701474538,
  "Recall": 0.4301022174629151,
  "Rouge-1": 0.12242517519484514,
  "Rouge-2": 0.05668570151690066,
  "Rouge-L": 0.12103200678131744
}