{
  "M": 0.8130841121495327,
  "EM": 0.0007476635514018691,
  "F1": 0.12325346057866363,
  "Precision": 0.07738428543117466,
  "Recall": 0.6229387347173898,
  "Rouge-1": 0.1567873586601547,
  "Rouge-2": 0.0745754867271603,
  "Rouge-L": 0.15269211427429522
}