{
  "M": 0.54125,
  "EM": 0.00375,
  "F1": 0.07216002072817936,
  "Precision": 0.043546437116534796,
  "Recall": 0.38539939963226116,
  "Rouge-1": 0.10659467624528927,
  "Rouge-2": 0.046208363632243635,
  "Rouge-L": 0.10538521739912393
}