{
  "M": 0.33239337328163554,
  "EM": 0.0,
  "F1": 0.05510388741563927,
  "Precision": 0.03377768977220419,
  "Recall": 0.30059074096198757,
  "Rouge-1": 0.07038827948175588,
  "Rouge-2": 0.022923649053511467,
  "Rouge-L": 0.06800238518989729
}