{
  "M": 0.811214953271028,
  "EM": 0.00037383177570093456,
  "F1": 0.1375716891392438,
  "Precision": 0.08770115492095566,
  "Recall": 0.6180630332679721,
  "Rouge-1": 0.17253632337664368,
  "Rouge-2": 0.08304506274180408,
  "Rouge-L": 0.16805418942002012
}