{
  "M": 0.5926785714285714,
  "EM": 0.018035714285714287,
  "F1": 0.11144081742864259,
  "Precision": 0.07670382803897619,
  "Recall": 0.46036232210418826,
  "Rouge-1": 0.13686454741569787,
  "Rouge-2": 0.0692682200029257,
  "Rouge-L": 0.13596905505903123
}