{
  "M": 0.6459580838323353,
  "EM": 0.00037425149700598805,
  "F1": 0.11612550125014424,
  "Precision": 0.07487783103619856,
  "Recall": 0.5013792728380364,
  "Rouge-1": 0.15718511625440357,
  "Rouge-2": 0.06768650879120582,
  "Rouge-L": 0.15291854062310692
}