{
  "M": 0.34339285714285717,
  "EM": 0.0,
  "F1": 0.05816336643808449,
  "Precision": 0.03467798131968408,
  "Recall": 0.2946323680795775,
  "Rouge-1": 0.07351315138079884,
  "Rouge-2": 0.03180102038608327,
  "Rouge-L": 0.07265489815576391
}