{
  "M": 0.08318646457525555,
  "EM": 0.0,
  "F1": 0.029057958742461625,
  "Precision": 0.018180443969307587,
  "Recall": 0.1425563120305215,
  "Rouge-1": 0.041670909625807835,
  "Rouge-2": 0.007428890019660808,
  "Rouge-L": 0.04009483724622289
}