{
  "M": 0.77196261682243,
  "EM": 0.002616822429906542,
  "F1": 0.14030215741123067,
  "Precision": 0.09149022911867911,
  "Recall": 0.5490377104100305,
  "Rouge-1": 0.1939158937816541,
  "Rouge-2": 0.08930265933380178,
  "Rouge-L": 0.18936930828136414
}