{
  "M": 0.7448008459640465,
  "EM": 0.0017624250969333803,
  "F1": 0.1292704930866566,
  "Precision": 0.08343222405104454,
  "Recall": 0.5803661999677009,
  "Rouge-1": 0.16666963736356222,
  "Rouge-2": 0.07836284064984336,
  "Rouge-L": 0.1632791789871644
}