{
  "M": 0.12513218188227002,
  "EM": 0.0,
  "F1": 0.0333573964217573,
  "Precision": 0.02067237164599381,
  "Recall": 0.17617883819622532,
  "Rouge-1": 0.04667700863608692,
  "Rouge-2": 0.009792422937565224,
  "Rouge-L": 0.04472396861733455
}