{
  "M": 0.8463551401869159,
  "EM": 0.005607476635514018,
  "F1": 0.16608345861076196,
  "Precision": 0.1092490955870842,
  "Recall": 0.6410638672919101,
  "Rouge-1": 0.20997046104761244,
  "Rouge-2": 0.10777614642380401,
  "Rouge-L": 0.20571410778593638
}