{
  "M": 0.04792212654436541,
  "EM": 0.0,
  "F1": 0.027618951906215855,
  "Precision": 0.017200062289491495,
  "Recall": 0.1292997237948114,
  "Rouge-1": 0.03914920557895302,
  "Rouge-2": 0.005289073074951227,
  "Rouge-L": 0.037615049822038386
}