{
  "M": 0.5421190565331336,
  "EM": 0.0,
  "F1": 0.08968507034818571,
  "Precision": 0.05555210937872872,
  "Recall": 0.4729128263003153,
  "Rouge-1": 0.12337276974962545,
  "Rouge-2": 0.046992679201632026,
  "Rouge-L": 0.11964305758643257
}