{
  "M": 0.5168780139310591,
  "EM": 0.0,
  "F1": 0.05955870200583479,
  "Precision": 0.033773865186359234,
  "Recall": 0.4134170948313179,
  "Rouge-1": 0.0786502698795855,
  "Rouge-2": 0.03213579855461947,
  "Rouge-L": 0.07740495659503206
}