{
  "M": 0.6144642857142857,
  "EM": 0.0,
  "F1": 0.07052485559009589,
  "Precision": 0.040073164541095,
  "Recall": 0.46668814112260043,
  "Rouge-1": 0.09307262354439035,
  "Rouge-2": 0.0390726502542437,
  "Rouge-L": 0.09185646346296408
}