{
  "M": 0.5092857142857142,
  "EM": 0.00017857142857142857,
  "F1": 0.06981230840651091,
  "Precision": 0.04126537698052513,
  "Recall": 0.3666418386026966,
  "Rouge-1": 0.1007114577839955,
  "Rouge-2": 0.04207832596527323,
  "Rouge-L": 0.09954900953685022
}