{
  "M": 0.22613253463122426,
  "EM": 0.0,
  "F1": 0.0490591834436041,
  "Precision": 0.030772118836832712,
  "Recall": 0.24010845731314914,
  "Rouge-1": 0.06186264132608212,
  "Rouge-2": 0.018702077877781987,
  "Rouge-L": 0.05946225846774102
}