{
  "M": 0.7328163553048995,
  "EM": 0.0014099400775467042,
  "F1": 0.12489937429934016,
  "Precision": 0.07961071953879155,
  "Recall": 0.5808367613674358,
  "Rouge-1": 0.16194993549432485,
  "Rouge-2": 0.07602493856216842,
  "Rouge-L": 0.158593999834057
}