{
  "M": 0.6795911173775114,
  "EM": 0.0010574550581600281,
  "F1": 0.11921434158810996,
  "Precision": 0.07639552033928049,
  "Recall": 0.5165490963964429,
  "Rouge-1": 0.16259760104940352,
  "Rouge-2": 0.06984866786361767,
  "Rouge-L": 0.15815020172900202
}