{
  "M": 0.5976796407185628,
  "EM": 0.00037425149700598805,
  "F1": 0.11047565578741265,
  "Precision": 0.07160003467676068,
  "Recall": 0.47289282623944845,
  "Rouge-1": 0.15083204265873065,
  "Rouge-2": 0.06338421491170554,
  "Rouge-L": 0.14677102668868044
}