{
  "M": 0.7510280373831776,
  "EM": 0.0014953271028037382,
  "F1": 0.13136612940141276,
  "Precision": 0.08452787997066996,
  "Recall": 0.5545089376001802,
  "Rouge-1": 0.1796641873982853,
  "Rouge-2": 0.08261482623128456,
  "Rouge-L": 0.17540203199361784
}