{
  "M": 0.7682242990654206,
  "EM": 0.00411214953271028,
  "F1": 0.14977529287096675,
  "Precision": 0.09859874742991498,
  "Recall": 0.5569968022585763,
  "Rouge-1": 0.20179879087112537,
  "Rouge-2": 0.09453105926497643,
  "Rouge-L": 0.19698370567240217
}