{
  "M": 0.5259867833541704,
  "EM": 0.008751562779067691,
  "F1": 0.09435298212434305,
  "Precision": 0.06196511852281506,
  "Recall": 0.41667302610870044,
  "Rouge-1": 0.11977318512089502,
  "Rouge-2": 0.0548661604311621,
  "Rouge-L": 0.11834288888107418
}