{
  "M": 0.06205607476635514,
  "EM": 0.0,
  "F1": 0.025682599576673203,
  "Precision": 0.016217804228101075,
  "Recall": 0.12042902132595155,
  "Rouge-1": 0.034043129357766135,
  "Rouge-2": 0.005174067170471902,
  "Rouge-L": 0.033039664584854876
}