{
  "M": 0.773704617553754,
  "EM": 0.0,
  "F1": 0.10831623710594332,
  "Precision": 0.0666073384505882,
  "Recall": 0.6113336522961494,
  "Rouge-1": 0.13919597770320416,
  "Rouge-2": 0.062121031344192786,
  "Rouge-L": 0.13534302255359365
}