{
  "M": 0.6897455089820359,
  "EM": 0.002619760479041916,
  "F1": 0.12478021520523067,
  "Precision": 0.08114417504363329,
  "Recall": 0.539745168873627,
  "Rouge-1": 0.1630405952327069,
  "Rouge-2": 0.0766949168890282,
  "Rouge-L": 0.15941465264682364
}