{
  "M": 0.7296439901304195,
  "EM": 0.0038773352132534366,
  "F1": 0.13074570514277772,
  "Precision": 0.08526086723795011,
  "Recall": 0.5623465855682148,
  "Rouge-1": 0.16971894315636477,
  "Rouge-2": 0.0801049343951437,
  "Rouge-L": 0.16568523071789382
}