{
  "M": 0.7644859813084112,
  "EM": 0.002616822429906542,
  "F1": 0.14818110308330817,
  "Precision": 0.0974988309185959,
  "Recall": 0.548643280425298,
  "Rouge-1": 0.20249264027719033,
  "Rouge-2": 0.0941095427585512,
  "Rouge-L": 0.19749034984234912
}