{
  "M": 0.7222418047232992,
  "EM": 0.003172365174480085,
  "F1": 0.1279298626303269,
  "Precision": 0.08277493719350536,
  "Recall": 0.5542908432893936,
  "Rouge-1": 0.16674283610930124,
  "Rouge-2": 0.07781508773894286,
  "Rouge-L": 0.16297448155490232
}