{
  "M": 0.8366355140186916,
  "EM": 0.00897196261682243,
  "F1": 0.16223318378219173,
  "Precision": 0.1085968762030726,
  "Recall": 0.6304895971896605,
  "Rouge-1": 0.20561438126129514,
  "Rouge-2": 0.1072002087146854,
  "Rouge-L": 0.20169865580750193
}