{
  "M": 0.7324638702855129,
  "EM": 0.0017624250969333803,
  "F1": 0.12421712767516414,
  "Precision": 0.07950284994432709,
  "Recall": 0.5791043176565266,
  "Rouge-1": 0.16192457374993469,
  "Rouge-2": 0.07532432144188167,
  "Rouge-L": 0.1582624196302737
}