{
  "M": 0.1685981308411215,
  "EM": 0.0,
  "F1": 0.039409780057920944,
  "Precision": 0.02483787266423321,
  "Recall": 0.18421629503422443,
  "Rouge-1": 0.04803096967110972,
  "Rouge-2": 0.015505679000665252,
  "Rouge-L": 0.046219975478425025
}