{
  "M": 0.30589285714285713,
  "EM": 0.0,
  "F1": 0.05460574555983249,
  "Precision": 0.0326057534988789,
  "Recall": 0.26451135793999847,
  "Rouge-1": 0.06844441287197023,
  "Rouge-2": 0.029311096164459417,
  "Rouge-L": 0.06778976588138692
}