{
  "M": 0.7499065420560748,
  "EM": 0.001869158878504673,
  "F1": 0.1265430403321035,
  "Precision": 0.08124322438838166,
  "Recall": 0.5606970392142719,
  "Rouge-1": 0.17326542516334736,
  "Rouge-2": 0.0770015014788177,
  "Rouge-L": 0.1691985139388884
}