{
  "M": 0.5166071428571428,
  "EM": 0.0035714285714285713,
  "F1": 0.07377919452053934,
  "Precision": 0.04510843462521041,
  "Recall": 0.363308756884394,
  "Rouge-1": 0.1108599236997586,
  "Rouge-2": 0.04730281607888358,
  "Rouge-L": 0.10966567350332874
}