{
  "M": 0.03364485981308411,
  "EM": 0.0,
  "F1": 0.023159663725230182,
  "Precision": 0.014862815232160329,
  "Recall": 0.1002097660080313,
  "Rouge-1": 0.030287875265975966,
  "Rouge-2": 0.003117707268857384,
  "Rouge-L": 0.02898471570776271
}