{
  "M": 0.5176785714285714,
  "EM": 0.00017857142857142857,
  "F1": 0.0703757977568762,
  "Precision": 0.04176752103969076,
  "Recall": 0.3628565203884891,
  "Rouge-1": 0.10455150831264798,
  "Rouge-2": 0.04419322927405012,
  "Rouge-L": 0.10334624525265936
}