{
  "M": 0.35887850467289717,
  "EM": 0.0,
  "F1": 0.059972710257903815,
  "Precision": 0.037650296259983215,
  "Recall": 0.3047568841870517,
  "Rouge-1": 0.07492736936081244,
  "Rouge-2": 0.030927447346199892,
  "Rouge-L": 0.07305183188455525
}