{
  "M": 0.6760662671836447,
  "EM": 0.0014099400775467042,
  "F1": 0.11748537205923398,
  "Precision": 0.07561679151401585,
  "Recall": 0.5080924455109421,
  "Rouge-1": 0.16154223322358258,
  "Rouge-2": 0.0693837432798206,
  "Rouge-L": 0.15721756071384088
}