{
  "M": 0.6877573942343691,
  "EM": 0.0,
  "F1": 0.09204020672397556,
  "Precision": 0.05564985910020245,
  "Recall": 0.5690256931905848,
  "Rouge-1": 0.1184018000252354,
  "Rouge-2": 0.05075149157860138,
  "Rouge-L": 0.11483012145033943
}