{
  "M": 0.7398130841121495,
  "EM": 0.0011214953271028037,
  "F1": 0.1224775757447979,
  "Precision": 0.07830968723521535,
  "Recall": 0.5588838879028067,
  "Rouge-1": 0.16513525332336715,
  "Rouge-2": 0.07412645618132152,
  "Rouge-L": 0.1614594000523638
}