{
  "M": 0.3267536129714487,
  "EM": 0.0,
  "F1": 0.05503469457678989,
  "Precision": 0.03362545165481376,
  "Recall": 0.3045310377850675,
  "Rouge-1": 0.07039127672350719,
  "Rouge-2": 0.022550459358345556,
  "Rouge-L": 0.06772273290185579
}