{
  "M": 0.2630826933380961,
  "EM": 0.0,
  "F1": 0.05027291449779954,
  "Precision": 0.029458487747376826,
  "Recall": 0.25296224311798604,
  "Rouge-1": 0.06420779631701509,
  "Rouge-2": 0.024644438927445587,
  "Rouge-L": 0.06328197524312329
}