{
  "M": 0.5358099660653688,
  "EM": 0.010537595999285587,
  "F1": 0.0968393841353582,
  "Precision": 0.06382784338935801,
  "Recall": 0.4224309553301711,
  "Rouge-1": 0.12254416059348859,
  "Rouge-2": 0.05711115084548598,
  "Rouge-L": 0.12098206895577643
}