{
  "M": 0.7292915051110328,
  "EM": 0.0017624250969333803,
  "F1": 0.12338064111477587,
  "Precision": 0.0790472449525726,
  "Recall": 0.5748196390217561,
  "Rouge-1": 0.16111602828918584,
  "Rouge-2": 0.07513007576393621,
  "Rouge-L": 0.1574885962870006
}