{
  "M": 0.5833021340321977,
  "EM": 0.0,
  "F1": 0.09721816515869187,
  "Precision": 0.06114922811659966,
  "Recall": 0.47791583489826117,
  "Rouge-1": 0.1349221254117331,
  "Rouge-2": 0.054032233500361605,
  "Rouge-L": 0.13131210045521674
}