{
  "M": 0.6182142857142857,
  "EM": 0.0,
  "F1": 0.0705381548224099,
  "Precision": 0.04000374560332638,
  "Recall": 0.4705950444970652,
  "Rouge-1": 0.09382580101805757,
  "Rouge-2": 0.039606440405458604,
  "Rouge-L": 0.09250988038777001
}