{
  "M": 0.23232142857142857,
  "EM": 0.0,
  "F1": 0.04151099929223939,
  "Precision": 0.02459368523507485,
  "Recall": 0.20039554625984854,
  "Rouge-1": 0.05242640909927436,
  "Rouge-2": 0.020127949066943374,
  "Rouge-L": 0.05171656436803642
}