{
  "M": 0.6167857142857143,
  "EM": 0.014464285714285714,
  "F1": 0.11186826814721684,
  "Precision": 0.07464711667918326,
  "Recall": 0.46904902640727497,
  "Rouge-1": 0.13993510003110562,
  "Rouge-2": 0.06936633457646176,
  "Rouge-L": 0.13844980120972405
}