{
  "M": 0.5532710280373832,
  "EM": 0.0,
  "F1": 0.08079825072451055,
  "Precision": 0.049371992050469916,
  "Recall": 0.4677684818294249,
  "Rouge-1": 0.10155117165806908,
  "Rouge-2": 0.04409741796629537,
  "Rouge-L": 0.09904233903485991
}