{
  "M": 0.4973214285714286,
  "EM": 0.00035714285714285714,
  "F1": 0.06281158071486495,
  "Precision": 0.03615017228322127,
  "Recall": 0.3993559204897454,
  "Rouge-1": 0.07966509140372245,
  "Rouge-2": 0.032259266708080075,
  "Rouge-L": 0.07843237589742501
}