{
  "M": 0.6257142857142857,
  "EM": 0.0,
  "F1": 0.07236189611908647,
  "Precision": 0.041117119664218965,
  "Recall": 0.48206977105036586,
  "Rouge-1": 0.09515399023201412,
  "Rouge-2": 0.04013395198335488,
  "Rouge-L": 0.09396919434856255
}