{
  "M": 0.041557469112691876,
  "EM": 0.0,
  "F1": 0.027010111742988088,
  "Precision": 0.01697066359272876,
  "Recall": 0.12318595273823273,
  "Rouge-1": 0.038012389651293256,
  "Rouge-2": 0.005140349140800841,
  "Rouge-L": 0.036666707438400926
}