{
  "M": 0.5196428571428572,
  "EM": 0.0,
  "F1": 0.06803696510125416,
  "Precision": 0.03944565357925387,
  "Recall": 0.3758332552219452,
  "Rouge-1": 0.09840722077891648,
  "Rouge-2": 0.04116408036740243,
  "Rouge-L": 0.0973633569285693
}