{
  "M": 0.8078504672897197,
  "EM": 0.00037383177570093456,
  "F1": 0.13738277018852688,
  "Precision": 0.08739802754998782,
  "Recall": 0.6204328004843396,
  "Rouge-1": 0.172602804633943,
  "Rouge-2": 0.08290269993699763,
  "Rouge-L": 0.16812188566256261
}