{
  "M": 0.3563623545999295,
  "EM": 0.0,
  "F1": 0.05881067230959439,
  "Precision": 0.03594924933312068,
  "Recall": 0.32784985629135927,
  "Rouge-1": 0.07474076864895625,
  "Rouge-2": 0.026025778811087107,
  "Rouge-L": 0.0723359361231712
}