{
  "M": 0.4502589748169316,
  "EM": 0.0014288265761743168,
  "F1": 0.062047064875734845,
  "Precision": 0.036905423066379166,
  "Recall": 0.3331294699085249,
  "Rouge-1": 0.09065665131777784,
  "Rouge-2": 0.03671176765767991,
  "Rouge-L": 0.08938746428884113
}