{
  "M": 0.5229505268797999,
  "EM": 0.0,
  "F1": 0.06073698065917613,
  "Precision": 0.03447995658261146,
  "Recall": 0.41783776399679723,
  "Rouge-1": 0.07994118589742388,
  "Rouge-2": 0.03231325265085793,
  "Rouge-L": 0.0786711374212805
}