{
  "M": 0.5082142857142857,
  "EM": 0.00017857142857142857,
  "F1": 0.06795783520898943,
  "Precision": 0.03955132546328413,
  "Recall": 0.3741575294721925,
  "Rouge-1": 0.09738177252633153,
  "Rouge-2": 0.04096108154006392,
  "Rouge-L": 0.09610988475658051
}