{
  "M": 0.46544025718878373,
  "EM": 0.0014288265761743168,
  "F1": 0.06464308876495785,
  "Precision": 0.03862600787726111,
  "Recall": 0.3423716619458603,
  "Rouge-1": 0.09429015014957375,
  "Rouge-2": 0.03837815831687148,
  "Rouge-L": 0.09305491077757183
}