{
  "M": 0.04224299065420561,
  "EM": 0.0,
  "F1": 0.023618595407180806,
  "Precision": 0.014996668829991218,
  "Recall": 0.10402370207784369,
  "Rouge-1": 0.030840694020310245,
  "Rouge-2": 0.003998204967288809,
  "Rouge-L": 0.029646941311703638
}