{
  "M": 0.08565385971096229,
  "EM": 0.0,
  "F1": 0.029107611314829116,
  "Precision": 0.01818464753550462,
  "Recall": 0.14600899110514962,
  "Rouge-1": 0.04215995823869851,
  "Rouge-2": 0.007335843501111523,
  "Rouge-L": 0.040830823768575226
}