{
  "M": 0.7053225237927389,
  "EM": 0.0010574550581600281,
  "F1": 0.10854409934840435,
  "Precision": 0.06833935487891038,
  "Recall": 0.545029931239216,
  "Rouge-1": 0.15090982061413036,
  "Rouge-2": 0.06342054142239703,
  "Rouge-L": 0.1468470924529166
}