{
  "M": 0.32160714285714287,
  "EM": 0.0,
  "F1": 0.05735876185598718,
  "Precision": 0.03427530518949628,
  "Recall": 0.2701886930410123,
  "Rouge-1": 0.07443823012080723,
  "Rouge-2": 0.030971512899557675,
  "Rouge-L": 0.07346353436073676
}