{
  "M": 0.7365269461077845,
  "EM": 0.002619760479041916,
  "F1": 0.1342659277911536,
  "Precision": 0.08755230926797826,
  "Recall": 0.5702592079199647,
  "Rouge-1": 0.17490496665610977,
  "Rouge-2": 0.08288388330636763,
  "Rouge-L": 0.17116446327437157
}