{
  "M": 0.43125,
  "EM": 0.0,
  "F1": 0.06767915614664273,
  "Precision": 0.039641149945349737,
  "Recall": 0.36293898720005113,
  "Rouge-1": 0.08736750612764334,
  "Rouge-2": 0.03832891932010022,
  "Rouge-L": 0.0865563219392397
}