{
  "M": 0.6225,
  "EM": 0.0125,
  "F1": 0.1104995998132477,
  "Precision": 0.07260971241051484,
  "Recall": 0.4681770668103458,
  "Rouge-1": 0.13944493555334497,
  "Rouge-2": 0.06834693806253825,
  "Rouge-L": 0.13809876364244075
}