{
  "M": 0.5210714285714285,
  "EM": 0.00017857142857142857,
  "F1": 0.06872009284217946,
  "Precision": 0.03987067960694622,
  "Recall": 0.38150523674382025,
  "Rouge-1": 0.09871443452277057,
  "Rouge-2": 0.04102091918904825,
  "Rouge-L": 0.09760996748076768
}