{
  "M": 0.822429906542056,
  "EM": 0.004485981308411215,
  "F1": 0.15927372332325682,
  "Precision": 0.10530171542992439,
  "Recall": 0.6023904645876451,
  "Rouge-1": 0.2053153287173619,
  "Rouge-2": 0.10437651969222991,
  "Rouge-L": 0.20071507638332567
}