{
  "M": 0.351427564328516,
  "EM": 0.0,
  "F1": 0.059799306546504505,
  "Precision": 0.03647586403458637,
  "Recall": 0.33850749155844356,
  "Rouge-1": 0.07537837714139022,
  "Rouge-2": 0.027736329046690312,
  "Rouge-L": 0.07297770335193915
}