{
  "P_1": 0.4968224299065421,
  "recall_4": 0.7413084112149533
}