{
  "M": 0.34160714285714283,
  "EM": 0.0,
  "F1": 0.058548827034448844,
  "Precision": 0.034593499172358835,
  "Recall": 0.2863057565545541,
  "Rouge-1": 0.07797218720700483,
  "Rouge-2": 0.030323339150959167,
  "Rouge-L": 0.07697132130883219
}