{
  "M": 0.8321495327102804,
  "EM": 0.008598130841121496,
  "F1": 0.16862908672467464,
  "Precision": 0.1134514454323415,
  "Recall": 0.6159007786064319,
  "Rouge-1": 0.21354044725947308,
  "Rouge-2": 0.11265076265804025,
  "Rouge-L": 0.20898032937143943
}