{
  "M": 0.1089178709904829,
  "EM": 0.0,
  "F1": 0.03075079874351986,
  "Precision": 0.01908924514925612,
  "Recall": 0.1577135573971718,
  "Rouge-1": 0.04397028582562663,
  "Rouge-2": 0.00857771166432902,
  "Rouge-L": 0.04211433017879903
}