{
  "M": 0.11714071856287425,
  "EM": 0.0,
  "F1": 0.03738446443779901,
  "Precision": 0.023458248197917853,
  "Recall": 0.17340685010164375,
  "Rouge-1": 0.04607898500476164,
  "Rouge-2": 0.011530618825768871,
  "Rouge-L": 0.044140218033959136
}