{
  "M": 0.6324850299401198,
  "EM": 0.0007485029940119761,
  "F1": 0.11537538648619393,
  "Precision": 0.0745581923367931,
  "Recall": 0.4918573724518923,
  "Rouge-1": 0.15727863674109316,
  "Rouge-2": 0.06787559761828561,
  "Rouge-L": 0.15305208605710158
}