{
  "M": 0.6071428571428571,
  "EM": 0.0,
  "F1": 0.07463250337796017,
  "Precision": 0.042728629549928954,
  "Recall": 0.46407538123748454,
  "Rouge-1": 0.09715810210140138,
  "Rouge-2": 0.041095387648537686,
  "Rouge-L": 0.09585179202406134
}