{
  "M": 0.6542056074766355,
  "EM": 0.0,
  "F1": 0.09000735190372539,
  "Precision": 0.0540882921542312,
  "Recall": 0.5420758672169276,
  "Rouge-1": 0.11162257659841318,
  "Rouge-2": 0.051783372527971674,
  "Rouge-L": 0.10947065580563448
}