{
  "M": 0.6482199506520973,
  "EM": 0.00035248501938667606,
  "F1": 0.10543325107326072,
  "Precision": 0.06659733606900572,
  "Recall": 0.5077879320127799,
  "Rouge-1": 0.14700518183558423,
  "Rouge-2": 0.059853878124625615,
  "Rouge-L": 0.14281707816673717
}