{
  "M": 0.22770532252379275,
  "EM": 0.0,
  "F1": 0.04504145109221876,
  "Precision": 0.027793995026345684,
  "Recall": 0.24376781192958275,
  "Rouge-1": 0.05697543221285234,
  "Rouge-2": 0.017100845016753075,
  "Rouge-L": 0.05468632913552306
}