{
  "M": 0.4127522771923558,
  "EM": 0.0007144132880871584,
  "F1": 0.057190741118622566,
  "Precision": 0.03340539584810819,
  "Recall": 0.3167667407208676,
  "Rouge-1": 0.08269231632971523,
  "Rouge-2": 0.03253783639679248,
  "Rouge-L": 0.08161877901639937
}