{
  "M": 0.7158970743743391,
  "EM": 0.0017624250969333803,
  "F1": 0.12295852429607193,
  "Precision": 0.0788888364073355,
  "Recall": 0.5614972053324513,
  "Rouge-1": 0.1610532362193642,
  "Rouge-2": 0.07414976314309135,
  "Rouge-L": 0.15751447308483774
}