{
  "M": 0.5473605391239236,
  "EM": 0.0,
  "F1": 0.08680854833506524,
  "Precision": 0.05378365075351601,
  "Recall": 0.47562103733991107,
  "Rouge-1": 0.11920891538109625,
  "Rouge-2": 0.044226567667554194,
  "Rouge-L": 0.11527920417201493
}