{
  "M": 0.6133928571428572,
  "EM": 0.0,
  "F1": 0.07128530051152888,
  "Precision": 0.04055845884853604,
  "Recall": 0.4691143999672927,
  "Rouge-1": 0.09392856833534904,
  "Rouge-2": 0.03988087188204929,
  "Rouge-L": 0.09279857532051689
}