{
  "M": 0.8213084112149532,
  "EM": 0.0,
  "F1": 0.12539641301629928,
  "Precision": 0.07857874172337279,
  "Recall": 0.6262044457225957,
  "Rouge-1": 0.159312719548499,
  "Rouge-2": 0.07534027930447484,
  "Rouge-L": 0.15467613022187074
}