{
  "M": 0.16767857142857143,
  "EM": 0.0,
  "F1": 0.03456574205546682,
  "Precision": 0.02017590364600437,
  "Recall": 0.1754210524666559,
  "Rouge-1": 0.04933625982412155,
  "Rouge-2": 0.015611463790123114,
  "Rouge-L": 0.048451097054313795
}