{
  "M": 0.34841121495327104,
  "EM": 0.0,
  "F1": 0.05915011150998022,
  "Precision": 0.0369778801076258,
  "Recall": 0.3041321397605262,
  "Rouge-1": 0.07356567994313952,
  "Rouge-2": 0.02957344994768313,
  "Rouge-L": 0.07147969349851231
}