{
  "M": 0.5329523129130201,
  "EM": 0.0,
  "F1": 0.06553160017745892,
  "Precision": 0.03748647090394952,
  "Recall": 0.42155643693431427,
  "Rouge-1": 0.08584427260794533,
  "Rouge-2": 0.036193644608407904,
  "Rouge-L": 0.08464183018156579
}