{
  "M": 0.5239285714285714,
  "EM": 0.004107142857142857,
  "F1": 0.07433374598378471,
  "Precision": 0.04576846308870755,
  "Recall": 0.36185667353525874,
  "Rouge-1": 0.11098929367356333,
  "Rouge-2": 0.04837624282081698,
  "Rouge-L": 0.10984300510144489
}