{
  "M": 0.3344642857142857,
  "EM": 0.0,
  "F1": 0.05899407052818205,
  "Precision": 0.03527311672293115,
  "Recall": 0.27751648550246377,
  "Rouge-1": 0.0767593203370885,
  "Rouge-2": 0.032195675230514385,
  "Rouge-L": 0.07574928217597394
}