{
  "M": 0.5097338810501876,
  "EM": 0.0,
  "F1": 0.05979889530126998,
  "Precision": 0.033985002715264404,
  "Recall": 0.4077556409038438,
  "Rouge-1": 0.07886625160810105,
  "Rouge-2": 0.03210994666633102,
  "Rouge-L": 0.07771217553243566
}