{
  "M": 0.09094113500176243,
  "EM": 0.0,
  "F1": 0.029348048055978366,
  "Precision": 0.018346106100290215,
  "Recall": 0.14686335222724628,
  "Rouge-1": 0.04241234672241353,
  "Rouge-2": 0.0075449267047414895,
  "Rouge-L": 0.04067407686850599
}