{
  "M": 0.8242990654205608,
  "EM": 0.007476635514018692,
  "F1": 0.1610867341623198,
  "Precision": 0.1074552017817927,
  "Recall": 0.6123493082835997,
  "Rouge-1": 0.20729614389846332,
  "Rouge-2": 0.10614619123522341,
  "Rouge-L": 0.20286907019276607
}