{
  "M": 0.16884032428621784,
  "EM": 0.0,
  "F1": 0.04712037574417809,
  "Precision": 0.03024587481928557,
  "Recall": 0.21161687434884136,
  "Rouge-1": 0.06243106878087655,
  "Rouge-2": 0.01336949793724638,
  "Rouge-L": 0.05956001183824452
}