{
  "M": 0.61375,
  "EM": 0.013035714285714286,
  "F1": 0.10991882554630336,
  "Precision": 0.07236848615969538,
  "Recall": 0.46575885015320695,
  "Rouge-1": 0.13826347687775703,
  "Rouge-2": 0.0675931500660932,
  "Rouge-L": 0.13694918695977404
}