{
  "M": 0.6997379258704605,
  "EM": 0.002995132909022838,
  "F1": 0.1236797375294882,
  "Precision": 0.07968577551299938,
  "Recall": 0.5588353919935978,
  "Rouge-1": 0.16062159046748548,
  "Rouge-2": 0.07666245006402413,
  "Rouge-L": 0.15728129610206126
}