{
  "M": 0.6492774057102573,
  "EM": 0.0014099400775467042,
  "F1": 0.11575908303453374,
  "Precision": 0.07429955975908657,
  "Recall": 0.4995193667326263,
  "Rouge-1": 0.15976482281780346,
  "Rouge-2": 0.06804278682094604,
  "Rouge-L": 0.15576213452830853
}