{
  "M": 0.3540186915887851,
  "EM": 0.0,
  "F1": 0.05870357992184424,
  "Precision": 0.0366713875862883,
  "Recall": 0.3009283862865208,
  "Rouge-1": 0.07324023609658209,
  "Rouge-2": 0.02874717251649523,
  "Rouge-L": 0.07117479902780471
}