{
  "M": 0.1969299887682516,
  "EM": 0.0,
  "F1": 0.047363594527119184,
  "Precision": 0.029663362140445432,
  "Recall": 0.229249124838836,
  "Rouge-1": 0.05973638502548461,
  "Rouge-2": 0.018044548348148896,
  "Rouge-L": 0.057136417388354496
}