{
  "M": 0.5183928571428571,
  "EM": 0.0007142857142857143,
  "F1": 0.06728562424880716,
  "Precision": 0.0391577579587034,
  "Recall": 0.3724273793517836,
  "Rouge-1": 0.09810678324135563,
  "Rouge-2": 0.04109157618899426,
  "Rouge-L": 0.09700610500681969
}