{
  "M": 0.6182142857142857,
  "EM": 0.011607142857142858,
  "F1": 0.10855602258289522,
  "Precision": 0.07103619824966619,
  "Recall": 0.47028365538415706,
  "Rouge-1": 0.13667668518871498,
  "Rouge-2": 0.06681238676578066,
  "Rouge-L": 0.13524204526280673
}