{
  "M": 0.4165029469548134,
  "EM": 0.0,
  "F1": 0.05784260716224444,
  "Precision": 0.03350390983939412,
  "Recall": 0.31790060094375683,
  "Rouge-1": 0.08387083108025972,
  "Rouge-2": 0.03239525250986914,
  "Rouge-L": 0.08271244424632265
}