{
  "M": 0.6390553401480437,
  "EM": 0.0010574550581600281,
  "F1": 0.09697384135355899,
  "Precision": 0.06008674557998272,
  "Recall": 0.5283799153168114,
  "Rouge-1": 0.13262241120137563,
  "Rouge-2": 0.0528838758049914,
  "Rouge-L": 0.1288764710301936
}