{
  "M": 0.4360239689813183,
  "EM": 0.0,
  "F1": 0.06685226641121962,
  "Precision": 0.04049076933499083,
  "Recall": 0.3925943192919241,
  "Rouge-1": 0.08440181260919795,
  "Rouge-2": 0.031690235229732355,
  "Rouge-L": 0.08199650603273735
}