{
  "M": 0.43257724593677443,
  "EM": 0.0021432398642614752,
  "F1": 0.05952064135575996,
  "Precision": 0.035462479546318294,
  "Recall": 0.3185602182242933,
  "Rouge-1": 0.08863923419472099,
  "Rouge-2": 0.035631965810108454,
  "Rouge-L": 0.08740088066842443
}