{
  "M": 0.49178571428571427,
  "EM": 0.0,
  "F1": 0.059883655555784635,
  "Precision": 0.034193410669073616,
  "Recall": 0.3955359306609099,
  "Rouge-1": 0.07620322042050934,
  "Rouge-2": 0.030900177398745204,
  "Rouge-L": 0.07528045165764236
}