{
  "M": 0.3517857142857143,
  "EM": 0.0,
  "F1": 0.058834742577889856,
  "Precision": 0.03438678427726958,
  "Recall": 0.30935889385121607,
  "Rouge-1": 0.07580318016771087,
  "Rouge-2": 0.03091439802930183,
  "Rouge-L": 0.07485180907736458
}