{
  "M": 0.5387495320104829,
  "EM": 0.0,
  "F1": 0.08816038609286166,
  "Precision": 0.05505294453853137,
  "Recall": 0.4599254837054174,
  "Rouge-1": 0.1228114883234583,
  "Rouge-2": 0.047456874827837614,
  "Rouge-L": 0.11922594636566741
}