{
  "M": 0.0824814945364822,
  "EM": 0.0,
  "F1": 0.028869580306924127,
  "Precision": 0.017971856101194957,
  "Recall": 0.14571909360079086,
  "Rouge-1": 0.041499798761880556,
  "Rouge-2": 0.006963630325201147,
  "Rouge-L": 0.04001729563011285
}