{
  "M": 0.3469642857142857,
  "EM": 0.0,
  "F1": 0.06022553430261732,
  "Precision": 0.035610969472903556,
  "Recall": 0.2929851287696406,
  "Rouge-1": 0.07987508610620488,
  "Rouge-2": 0.03211621218674593,
  "Rouge-L": 0.07863955647024228
}