{
  "M": 0.6679146387120929,
  "EM": 0.0041183077499064025,
  "F1": 0.1226535156478649,
  "Precision": 0.07993581358952656,
  "Recall": 0.5351438360035254,
  "Rouge-1": 0.15922351491100864,
  "Rouge-2": 0.07569127583268252,
  "Rouge-L": 0.1558145965258066
}