{
  "M": 0.5878571428571429,
  "EM": 0.019464285714285715,
  "F1": 0.11440107284634067,
  "Precision": 0.0800588996342406,
  "Recall": 0.4566281197333553,
  "Rouge-1": 0.1404858060447505,
  "Rouge-2": 0.07065708874241913,
  "Rouge-L": 0.13957659866214975
}