{
  "M": 0.8160747663551402,
  "EM": 0.0,
  "F1": 0.12197699340820567,
  "Precision": 0.07606966245218642,
  "Recall": 0.626655358858326,
  "Rouge-1": 0.15485408083536376,
  "Rouge-2": 0.0735654421968487,
  "Rouge-L": 0.150760166007314
}