{
  "M": 0.03700934579439252,
  "EM": 0.0,
  "F1": 0.02294506456832413,
  "Precision": 0.014795242293591658,
  "Recall": 0.10002866640027001,
  "Rouge-1": 0.029883942240367993,
  "Rouge-2": 0.003348894415912023,
  "Rouge-L": 0.028642620119012262
}