{
  "M": 0.6379978850898836,
  "EM": 0.0007049700387733521,
  "F1": 0.09786407125295825,
  "Precision": 0.06102212376213766,
  "Recall": 0.5194143953293697,
  "Rouge-1": 0.1347198754027449,
  "Rouge-2": 0.055086161412244976,
  "Rouge-L": 0.13152547777494514
}