{
  "M": 0.8213084112149532,
  "EM": 0.00037383177570093456,
  "F1": 0.12984846208845705,
  "Precision": 0.08178556401915045,
  "Recall": 0.6285094356289729,
  "Rouge-1": 0.164639533357756,
  "Rouge-2": 0.07904040349275068,
  "Rouge-L": 0.16021948457628654
}