{
  "M": 0.7479732111385267,
  "EM": 0.00035248501938667606,
  "F1": 0.09714573918369232,
  "Precision": 0.05881126064070424,
  "Recall": 0.6013670953867611,
  "Rouge-1": 0.12589257321213648,
  "Rouge-2": 0.05512860050524219,
  "Rouge-L": 0.12251630236911928
}