{
  "M": 0.5005357142857143,
  "EM": 0.00035714285714285714,
  "F1": 0.06618030985410196,
  "Precision": 0.038560659958942194,
  "Recall": 0.362888212185101,
  "Rouge-1": 0.0957443526805828,
  "Rouge-2": 0.03957571457107251,
  "Rouge-L": 0.09485418144773713
}