{
  "M": 0.429540989462404,
  "EM": 0.0001786033220217896,
  "F1": 0.06007995325652805,
  "Precision": 0.035208415781049725,
  "Recall": 0.3299655501179767,
  "Rouge-1": 0.08599886295874146,
  "Rouge-2": 0.034390881844090566,
  "Rouge-L": 0.08476445995966243
}