{
  "M": 0.6753612971448714,
  "EM": 0.0010574550581600281,
  "F1": 0.10397967347872024,
  "Precision": 0.0655691368946963,
  "Recall": 0.5220644777351547,
  "Rouge-1": 0.14670699003457294,
  "Rouge-2": 0.060117864178795284,
  "Rouge-L": 0.14300442430561006
}