{
  "M": 0.6128571428571429,
  "EM": 0.0,
  "F1": 0.07163507134704307,
  "Precision": 0.040805572030831266,
  "Recall": 0.46471094789513767,
  "Rouge-1": 0.09425349322782917,
  "Rouge-2": 0.04003389105375779,
  "Rouge-L": 0.09292646318438354
}