{
  "M": 0.6549171660204441,
  "EM": 0.0007049700387733521,
  "F1": 0.09895837428337283,
  "Precision": 0.06150924847525766,
  "Recall": 0.5270037944120738,
  "Rouge-1": 0.13638097436146893,
  "Rouge-2": 0.055420022416018316,
  "Rouge-L": 0.13294353009534413
}