{
  "M": 0.495,
  "EM": 0.0,
  "F1": 0.06050847626052471,
  "Precision": 0.03454848063614183,
  "Recall": 0.39765312314887313,
  "Rouge-1": 0.07663192836049294,
  "Rouge-2": 0.03142994970087399,
  "Rouge-L": 0.07568477800870901
}