{
  "M": 0.6746536877573942,
  "EM": 0.0,
  "F1": 0.09209274459123992,
  "Precision": 0.056260819352352755,
  "Recall": 0.5578025722825943,
  "Rouge-1": 0.1197344716508653,
  "Rouge-2": 0.05149227113451832,
  "Rouge-L": 0.11635246598277044
}