{
  "M": 0.6160714285714286,
  "EM": 0.018571428571428572,
  "F1": 0.11578083360090922,
  "Precision": 0.07930380115905089,
  "Recall": 0.46952567753269875,
  "Rouge-1": 0.1427025746001629,
  "Rouge-2": 0.07223258678438234,
  "Rouge-L": 0.14160845053306767
}