{
  "M": 0.463517800493479,
  "EM": 0.00634473034896017,
  "F1": 0.10736266601587122,
  "Precision": 0.07281723236347033,
  "Recall": 0.39005578357667003,
  "Rouge-1": 0.13899114775118307,
  "Rouge-2": 0.04886363085816107,
  "Rouge-L": 0.13323393504681633
}