{
  "M": 0.39767857142857144,
  "EM": 0.0,
  "F1": 0.06404879780238032,
  "Precision": 0.03755403597507044,
  "Recall": 0.3416381696295866,
  "Rouge-1": 0.08280930539692097,
  "Rouge-2": 0.034682630899566504,
  "Rouge-L": 0.08190936928316846
}