{
  "M": 0.7703571428571429,
  "EM": 0.03410714285714286,
  "F1": 0.17104035088679756,
  "Precision": 0.12174638909059232,
  "Recall": 0.5588345722329234,
  "Rouge-1": 0.2087151895478345,
  "Rouge-2": 0.11455570001488703,
  "Rouge-L": 0.20718019266385315
}