{
  "M": 0.5300946597606715,
  "EM": 0.010894802643329166,
  "F1": 0.0979972229358225,
  "Precision": 0.06514039020009216,
  "Recall": 0.41839530192170293,
  "Rouge-1": 0.12463748665850403,
  "Rouge-2": 0.058068004435991194,
  "Rouge-L": 0.12301427583857352
}