{
  "M": 0.5713216023961063,
  "EM": 0.0,
  "F1": 0.09020037443686302,
  "Precision": 0.05584228047597812,
  "Recall": 0.48005046334555806,
  "Rouge-1": 0.12506323691713941,
  "Rouge-2": 0.04770127469755984,
  "Rouge-L": 0.12108012105525154
}