{
  "M": 0.5151785714285714,
  "EM": 0.0033928571428571428,
  "F1": 0.07411073531834973,
  "Precision": 0.04528662780012163,
  "Recall": 0.3646451653927121,
  "Rouge-1": 0.10899808787070756,
  "Rouge-2": 0.0467071787995942,
  "Rouge-L": 0.10790161212050703
}