{
  "M": 0.6936905181529786,
  "EM": 0.0007049700387733521,
  "F1": 0.10490177481339244,
  "Precision": 0.06600515087078572,
  "Recall": 0.5358878867800875,
  "Rouge-1": 0.14634234581437472,
  "Rouge-2": 0.06053950551585739,
  "Rouge-L": 0.14292047955251272
}