{
  "M": 0.6116071428571429,
  "EM": 0.012857142857142857,
  "F1": 0.11033513965875877,
  "Precision": 0.07283789051932331,
  "Recall": 0.46889048194421923,
  "Rouge-1": 0.13838388686273487,
  "Rouge-2": 0.06683615393845097,
  "Rouge-L": 0.13699639515906792
}