{
  "M": 0.5106268976602965,
  "EM": 0.0,
  "F1": 0.058962170553837234,
  "Precision": 0.033439656538848866,
  "Recall": 0.4099901412400272,
  "Rouge-1": 0.07777000307987249,
  "Rouge-2": 0.031113292951332975,
  "Rouge-L": 0.07654845604800431
}