{
  "M": 0.6189285714285714,
  "EM": 0.0,
  "F1": 0.07600045597024697,
  "Precision": 0.04351018506707598,
  "Recall": 0.4718296259070736,
  "Rouge-1": 0.0991139624700638,
  "Rouge-2": 0.04248846312333339,
  "Rouge-L": 0.09801956994677219
}