{
  "M": 0.593036315986522,
  "EM": 0.00037439161362785476,
  "F1": 0.09766949003094891,
  "Precision": 0.061315213900671246,
  "Recall": 0.47968817041406864,
  "Rouge-1": 0.13633423537857606,
  "Rouge-2": 0.05487895273016905,
  "Rouge-L": 0.13288820637451246
}