{
  "M": 0.6832142857142857,
  "EM": 0.07017857142857142,
  "F1": 0.12868281413231594,
  "Precision": 0.09648375714048303,
  "Recall": 0.45834153906931435,
  "Rouge-1": 0.20492517613620195,
  "Rouge-2": 0.10927245872077126,
  "Rouge-L": 0.2038047528618633
}