{
  "M": 0.7155688622754491,
  "EM": 0.0,
  "F1": 0.10266389067380068,
  "Precision": 0.06327088487567017,
  "Recall": 0.5721227489227729,
  "Rouge-1": 0.13375078367206195,
  "Rouge-2": 0.057863936375719384,
  "Rouge-L": 0.12952148559005344
}