{
  "M": 0.03294646199925122,
  "EM": 0.0,
  "F1": 0.026276306814682918,
  "Precision": 0.016496555873213244,
  "Recall": 0.11809634023278398,
  "Rouge-1": 0.037137420005784176,
  "Rouge-2": 0.004594164353346998,
  "Rouge-L": 0.035856149520535764
}