{
  "M": 0.6117857142857143,
  "EM": 0.0,
  "F1": 0.07053193110283543,
  "Precision": 0.04013758639122843,
  "Recall": 0.4692344826962806,
  "Rouge-1": 0.09256277577201043,
  "Rouge-2": 0.03915234535897906,
  "Rouge-L": 0.0912849566219804
}