{
  "M": 0.5032142857142857,
  "EM": 0.00017857142857142857,
  "F1": 0.06903827698380757,
  "Precision": 0.04058605450710501,
  "Recall": 0.36879181863826377,
  "Rouge-1": 0.09868383234463014,
  "Rouge-2": 0.04123030770465088,
  "Rouge-L": 0.0975761501069013
}