{
  "M": 0.46544025718878373,
  "EM": 0.0025004465083050546,
  "F1": 0.06473798162212634,
  "Precision": 0.0384940119210087,
  "Recall": 0.3418394278100677,
  "Rouge-1": 0.09428599968443666,
  "Rouge-2": 0.0389698849493299,
  "Rouge-L": 0.09324501932181717
}