{
  "M": 0.3769642857142857,
  "EM": 0.0,
  "F1": 0.06314879703407177,
  "Precision": 0.03705099976736163,
  "Recall": 0.3143792162813475,
  "Rouge-1": 0.08268896624945592,
  "Rouge-2": 0.03305563067941296,
  "Rouge-L": 0.0815054131757487
}