{
  "M": 0.6151785714285715,
  "EM": 0.014642857142857143,
  "F1": 0.11205139285170314,
  "Precision": 0.07445621332119944,
  "Recall": 0.46980557989205995,
  "Rouge-1": 0.14090327027780808,
  "Rouge-2": 0.06943565667127988,
  "Rouge-L": 0.13949109293212614
}