{
  "M": 0.5443654062149008,
  "EM": 0.0,
  "F1": 0.08927418832884504,
  "Precision": 0.05578219338083318,
  "Recall": 0.464928417193881,
  "Rouge-1": 0.12425691251233785,
  "Rouge-2": 0.04853859306061014,
  "Rouge-L": 0.12060074392216445
}