{
  "M": 0.674656327106098,
  "EM": 0.0007049700387733521,
  "F1": 0.10539927799993691,
  "Precision": 0.0665926732796824,
  "Recall": 0.5219148669225162,
  "Rouge-1": 0.14704255670951685,
  "Rouge-2": 0.06200155191106158,
  "Rouge-L": 0.14345893670860632
}