{
  "M": 0.3313359182234755,
  "EM": 0.0,
  "F1": 0.055926542723905154,
  "Precision": 0.034254527865838,
  "Recall": 0.30778562738023185,
  "Rouge-1": 0.07088141250857921,
  "Rouge-2": 0.023533263569991567,
  "Rouge-L": 0.06847421038340773
}