{
  "M": 0.3846728971962617,
  "EM": 0.0,
  "F1": 0.062039160033977005,
  "Precision": 0.03846075291315161,
  "Recall": 0.32509090865200996,
  "Rouge-1": 0.07745467259892487,
  "Rouge-2": 0.03230758463357204,
  "Rouge-L": 0.0755389680632144
}