{
  "M": 0.5044642857142857,
  "EM": 0.00017857142857142857,
  "F1": 0.06207211732093775,
  "Precision": 0.03554228043300129,
  "Recall": 0.4003226279447185,
  "Rouge-1": 0.07977840275160483,
  "Rouge-2": 0.032541612442703524,
  "Rouge-L": 0.07868445384199425
}