{
  "M": 0.2456820585125132,
  "EM": 0.0,
  "F1": 0.04651777226255069,
  "Precision": 0.028583780161444156,
  "Recall": 0.25327728109100234,
  "Rouge-1": 0.059030318376390764,
  "Rouge-2": 0.018151589149696855,
  "Rouge-L": 0.05668601389766411
}