{
  "M": 0.4073941775317021,
  "EM": 0.0,
  "F1": 0.05851874958261561,
  "Precision": 0.034059023332906856,
  "Recall": 0.31542541981825284,
  "Rouge-1": 0.08361276082678389,
  "Rouge-2": 0.032809709252177605,
  "Rouge-L": 0.08242589544711577
}