{
  "M": 0.6461999251216772,
  "EM": 0.00037439161362785476,
  "F1": 0.10201153114132674,
  "Precision": 0.06451134191963835,
  "Recall": 0.513497367463181,
  "Rouge-1": 0.14116429942818853,
  "Rouge-2": 0.05798772198256018,
  "Rouge-L": 0.13711826628052348
}