{
  "M": 0.4205607476635514,
  "EM": 0.0,
  "F1": 0.06723419420802189,
  "Precision": 0.04190387667127965,
  "Recall": 0.34449171330361805,
  "Rouge-1": 0.08477270811040206,
  "Rouge-2": 0.03496243837135592,
  "Rouge-L": 0.08228488413646184
}