{
  "M": 0.605,
  "EM": 0.0,
  "F1": 0.07421032562234184,
  "Precision": 0.042382997066851065,
  "Recall": 0.46340673700700374,
  "Rouge-1": 0.09711618725323104,
  "Rouge-2": 0.04143701261089722,
  "Rouge-L": 0.09580286673294741
}