{
  "M": 0.27522771923557776,
  "EM": 0.0,
  "F1": 0.05400332159329664,
  "Precision": 0.03214859280554408,
  "Recall": 0.2518348539462922,
  "Rouge-1": 0.06946051865168497,
  "Rouge-2": 0.026633798377056043,
  "Rouge-L": 0.0683633088107656
}