{
  "M": 0.3435514018691589,
  "EM": 0.0,
  "F1": 0.05797563154249015,
  "Precision": 0.03598721106136244,
  "Recall": 0.30334034668800935,
  "Rouge-1": 0.07249858903706263,
  "Rouge-2": 0.02671049754227662,
  "Rouge-L": 0.07032154784405255
}