{
  "M": 0.7090977162111569,
  "EM": 0.001497566454511419,
  "F1": 0.12576595662935292,
  "Precision": 0.08105696536298766,
  "Recall": 0.5583392193182244,
  "Rouge-1": 0.16311533563393363,
  "Rouge-2": 0.07616025599319197,
  "Rouge-L": 0.15985228594145068
}