{
  "M": 0.6166071428571429,
  "EM": 0.016964285714285713,
  "F1": 0.11540846764344775,
  "Precision": 0.07760398133009595,
  "Recall": 0.4714978295598389,
  "Rouge-1": 0.14429157042313864,
  "Rouge-2": 0.07252679904007212,
  "Rouge-L": 0.14290343132496383
}