{
  "M": 0.6901656679591117,
  "EM": 0.0007049700387733521,
  "F1": 0.1037095810618363,
  "Precision": 0.06435375583519778,
  "Recall": 0.5561909162561542,
  "Rouge-1": 0.141988013517065,
  "Rouge-2": 0.05837906874166912,
  "Rouge-L": 0.1379192259965298
}