{
  "M": 0.7419809658089531,
  "EM": 0.0,
  "F1": 0.09736514795525675,
  "Precision": 0.05896816201053586,
  "Recall": 0.6090366786542482,
  "Rouge-1": 0.12522165848451583,
  "Rouge-2": 0.054507766962053034,
  "Rouge-L": 0.12145260851215932
}