{
  "M": 0.7391467065868264,
  "EM": 0.0,
  "F1": 0.10417000977805374,
  "Precision": 0.06434733642586445,
  "Recall": 0.5914144092749051,
  "Rouge-1": 0.13371870583955883,
  "Rouge-2": 0.058668666475788445,
  "Rouge-L": 0.12992506233828077
}