{
  "M": 0.6014285714285714,
  "EM": 0.014107142857142856,
  "F1": 0.11080199060505458,
  "Precision": 0.07413201490755644,
  "Recall": 0.45689211126344165,
  "Rouge-1": 0.13776264810112437,
  "Rouge-2": 0.06719265648337829,
  "Rouge-L": 0.13652131372966375
}