{
  "M": 0.811214953271028,
  "EM": 0.00037383177570093456,
  "F1": 0.1368316613546511,
  "Precision": 0.08711682106816546,
  "Recall": 0.6203334662382638,
  "Rouge-1": 0.17405161358501645,
  "Rouge-2": 0.0812271148410325,
  "Rouge-L": 0.16871552583574154
}