{
  "M": 0.5372387926415432,
  "EM": 0.00964457938917664,
  "F1": 0.09525827217015635,
  "Precision": 0.0621286542054277,
  "Recall": 0.41853037348165295,
  "Rouge-1": 0.12099801149918733,
  "Rouge-2": 0.05722765865117344,
  "Rouge-L": 0.11957205172008456
}