{
  "M": 0.6903781355297641,
  "EM": 0.002620741295394983,
  "F1": 0.12080192465070108,
  "Precision": 0.0778906191158602,
  "Recall": 0.5512764955886844,
  "Rouge-1": 0.15698847890848777,
  "Rouge-2": 0.07424035100127739,
  "Rouge-L": 0.15367556767397783
}