{
  "M": 0.5155357142857143,
  "EM": 0.0,
  "F1": 0.06106303858477081,
  "Precision": 0.034719140615694824,
  "Recall": 0.40387145529985397,
  "Rouge-1": 0.07894740262878548,
  "Rouge-2": 0.032212914526486114,
  "Rouge-L": 0.07783635271207036
}