{
  "M": 0.7567853366231935,
  "EM": 0.0,
  "F1": 0.09808955756423782,
  "Precision": 0.059397988051213435,
  "Recall": 0.6186922089206606,
  "Rouge-1": 0.12567000033768716,
  "Rouge-2": 0.05439026892395352,
  "Rouge-L": 0.12222712832706709
}