{
  "M": 0.4584747276299339,
  "EM": 0.0010716199321307376,
  "F1": 0.06304578068440124,
  "Precision": 0.03720655903534231,
  "Recall": 0.3386551318778546,
  "Rouge-1": 0.09213664655160742,
  "Rouge-2": 0.03724475232434084,
  "Rouge-L": 0.0910426121094145
}