{
  "M": 0.834018691588785,
  "EM": 0.007850467289719627,
  "F1": 0.16180637087595298,
  "Precision": 0.10836146645236637,
  "Recall": 0.6168485044110555,
  "Rouge-1": 0.20649727532644674,
  "Rouge-2": 0.10728588055978097,
  "Rouge-L": 0.20292689263756022
}