{
  "M": 0.5496428571428571,
  "EM": 0.0,
  "F1": 0.07873790628773304,
  "Precision": 0.04552524349207435,
  "Recall": 0.43969881457521054,
  "Rouge-1": 0.10263781472868386,
  "Rouge-2": 0.045197425395335854,
  "Rouge-L": 0.10162626483465113
}