{
  "M": 0.7424299065420561,
  "EM": 0.0014953271028037382,
  "F1": 0.12269077470814063,
  "Precision": 0.07845910778472619,
  "Recall": 0.5600775369760997,
  "Rouge-1": 0.16665647508730955,
  "Rouge-2": 0.07471136932716811,
  "Rouge-L": 0.16214160659954605
}