{
  "M": 0.7361526946107785,
  "EM": 0.0,
  "F1": 0.10569401248079134,
  "Precision": 0.06511641289396708,
  "Recall": 0.592641450358085,
  "Rouge-1": 0.13531023655580568,
  "Rouge-2": 0.05978717145073202,
  "Rouge-L": 0.13137514700026146
}