{
  "M": 0.8190654205607477,
  "EM": 0.0,
  "F1": 0.1235240591058993,
  "Precision": 0.07681389990509473,
  "Recall": 0.6411097613053349,
  "Rouge-1": 0.1535944212443687,
  "Rouge-2": 0.07141251149394032,
  "Rouge-L": 0.14891225803537045
}