{
  "M": 0.04261682242990654,
  "EM": 0.0,
  "F1": 0.023668554551582066,
  "Precision": 0.015060790427447266,
  "Recall": 0.10486031912382297,
  "Rouge-1": 0.03111570417577449,
  "Rouge-2": 0.003864043721084882,
  "Rouge-L": 0.029764534257512028
}