{
  "M": 0.822429906542056,
  "EM": 0.00037383177570093456,
  "F1": 0.13100073723505862,
  "Precision": 0.08253197489973751,
  "Recall": 0.6260365751941062,
  "Rouge-1": 0.16386556280832262,
  "Rouge-2": 0.07675943103693013,
  "Rouge-L": 0.159396047353133
}