{
  "M": 0.34214285714285714,
  "EM": 0.0,
  "F1": 0.059216643366210665,
  "Precision": 0.03504141215912715,
  "Recall": 0.2889441444931549,
  "Rouge-1": 0.0781253607966947,
  "Rouge-2": 0.031029952057562746,
  "Rouge-L": 0.07706506092307262
}