{
  "M": 0.5101785714285715,
  "EM": 0.00035714285714285714,
  "F1": 0.06742935472665161,
  "Precision": 0.03923204248510897,
  "Recall": 0.37331085546950343,
  "Rouge-1": 0.09787635242739283,
  "Rouge-2": 0.04033098988920409,
  "Rouge-L": 0.09685970371686219
}