{
  "M": 0.528844436506519,
  "EM": 0.009465976067154849,
  "F1": 0.0966481451876151,
  "Precision": 0.06372276677723253,
  "Recall": 0.42248142603388344,
  "Rouge-1": 0.12236676764314526,
  "Rouge-2": 0.05635217945417452,
  "Rouge-L": 0.12080857908760634
}