{
  "M": 0.8186915887850468,
  "EM": 0.005607476635514018,
  "F1": 0.16355611416277965,
  "Precision": 0.1095323610456973,
  "Recall": 0.6001711213902193,
  "Rouge-1": 0.20879194768164214,
  "Rouge-2": 0.10853541929945554,
  "Rouge-L": 0.20419815829205296
}