{
  "M": 0.7633644859813085,
  "EM": 0.001869158878504673,
  "F1": 0.13619925906251137,
  "Precision": 0.08826260319686521,
  "Recall": 0.5612910661661679,
  "Rouge-1": 0.18531081658067128,
  "Rouge-2": 0.08376050288332383,
  "Rouge-L": 0.18054328029991104
}