{
  "M": 0.7439252336448599,
  "EM": 0.0022429906542056075,
  "F1": 0.12891464840479427,
  "Precision": 0.08354234995313149,
  "Recall": 0.5414386903137882,
  "Rouge-1": 0.17785288911572134,
  "Rouge-2": 0.07928678507323922,
  "Rouge-L": 0.17353816226837357
}