{
  "M": 0.2543311305590284,
  "EM": 0.0,
  "F1": 0.05163554606199767,
  "Precision": 0.030779737563588063,
  "Recall": 0.23902398785627185,
  "Rouge-1": 0.06697488356065362,
  "Rouge-2": 0.025570314341459226,
  "Rouge-L": 0.0658471250693521
}