{
  "M": 0.7451533309834332,
  "EM": 0.0028198801550934085,
  "F1": 0.13037632102388874,
  "Precision": 0.08444218948913801,
  "Recall": 0.5781779091424529,
  "Rouge-1": 0.16974649991360788,
  "Rouge-2": 0.08005709504585282,
  "Rouge-L": 0.16614910494252316
}