{
  "M": 0.3367857142857143,
  "EM": 0.0,
  "F1": 0.05814364066820344,
  "Precision": 0.03429902340617593,
  "Recall": 0.2862917337144035,
  "Rouge-1": 0.07749666076998954,
  "Rouge-2": 0.03016998281241456,
  "Rouge-L": 0.07647069862920072
}