{
  "M": 0.8130841121495327,
  "EM": 0.0007476635514018691,
  "F1": 0.12536900712463947,
  "Precision": 0.07851100432606398,
  "Recall": 0.6353962720970133,
  "Rouge-1": 0.15626327235568296,
  "Rouge-2": 0.07463260448867581,
  "Rouge-L": 0.15217183905945483
}