{
  "M": 0.3817857142857143,
  "EM": 0.0,
  "F1": 0.06689875016130967,
  "Precision": 0.04002772138609434,
  "Recall": 0.3166294509752741,
  "Rouge-1": 0.08645307752088216,
  "Rouge-2": 0.037191517171826276,
  "Rouge-L": 0.08547907008652637
}