{
  "M": 0.04417821040808686,
  "EM": 0.0,
  "F1": 0.027724256394568724,
  "Precision": 0.01740104090246613,
  "Recall": 0.12883687470010657,
  "Rouge-1": 0.038827633910392276,
  "Rouge-2": 0.005332038740240778,
  "Rouge-L": 0.037280081902429735
}