{
  "M": 0.7857943925233645,
  "EM": 0.00822429906542056,
  "F1": 0.16061124501962934,
  "Precision": 0.10691656525703112,
  "Recall": 0.5840152109890189,
  "Rouge-1": 0.2153981945195888,
  "Rouge-2": 0.10095823941110045,
  "Rouge-L": 0.2101169897133948
}