{
  "M": 0.32640112795206205,
  "EM": 0.0,
  "F1": 0.055058848010787954,
  "Precision": 0.03400007631009927,
  "Recall": 0.29759444588316913,
  "Rouge-1": 0.07087537417141562,
  "Rouge-2": 0.023671731466449537,
  "Rouge-L": 0.06813808037670287
}