{
  "M": 0.7532710280373832,
  "EM": 0.0022429906542056075,
  "F1": 0.13145008083981305,
  "Precision": 0.08477757479659505,
  "Recall": 0.5527125871268395,
  "Rouge-1": 0.18144977181286215,
  "Rouge-2": 0.08232024844886274,
  "Rouge-L": 0.17696067961809955
}