{
  "M": 0.718562874251497,
  "EM": 0.0029940119760479044,
  "F1": 0.12949178017481228,
  "Precision": 0.08460095036462946,
  "Recall": 0.557659720325441,
  "Rouge-1": 0.16836000490271152,
  "Rouge-2": 0.08069811123088923,
  "Rouge-L": 0.16491681912200706
}