{
  "M": 0.6587945012336975,
  "EM": 0.0007049700387733521,
  "F1": 0.1037663002723551,
  "Precision": 0.06557054314415213,
  "Recall": 0.5082454763284537,
  "Rouge-1": 0.14560918182259355,
  "Rouge-2": 0.060295625105095646,
  "Rouge-L": 0.14229368507391238
}