{
  "M": 0.3048995417694748,
  "EM": 0.0,
  "F1": 0.052613170346358325,
  "Precision": 0.032266254387766966,
  "Recall": 0.28984233576861007,
  "Rouge-1": 0.06712765004971495,
  "Rouge-2": 0.020742166981165423,
  "Rouge-L": 0.06449421538163398
}