{
  "M": 0.6169973792587046,
  "EM": 0.00037439161362785476,
  "F1": 0.09598422305247682,
  "Precision": 0.05973020988897672,
  "Recall": 0.5179184716030131,
  "Rouge-1": 0.13146696970822805,
  "Rouge-2": 0.05207466791981247,
  "Rouge-L": 0.12758205738074757
}