{
  "M": 0.7727102803738318,
  "EM": 0.0033644859813084112,
  "F1": 0.14741484137495348,
  "Precision": 0.09627975487263637,
  "Recall": 0.5630705143406263,
  "Rouge-1": 0.19836578923499226,
  "Rouge-2": 0.09376669410699252,
  "Rouge-L": 0.1934870240255616
}