{
  "M": 0.6369404300317236,
  "EM": 0.0007049700387733521,
  "F1": 0.09657328583256682,
  "Precision": 0.060153449185775754,
  "Recall": 0.5211529217704232,
  "Rouge-1": 0.13310169257787594,
  "Rouge-2": 0.053911574229792175,
  "Rouge-L": 0.129667866688582
}