{
  "M": 0.3517857142857143,
  "EM": 0.00017857142857142857,
  "F1": 0.058797017077518915,
  "Precision": 0.034419861763155715,
  "Recall": 0.3094376187706711,
  "Rouge-1": 0.07536958061969849,
  "Rouge-2": 0.031189294360089777,
  "Rouge-L": 0.07439723720622848
}