{
  "M": 0.5438471155563493,
  "EM": 0.008751562779067691,
  "F1": 0.09313634889743827,
  "Precision": 0.060112979675567925,
  "Recall": 0.4228774012218037,
  "Rouge-1": 0.11877212731039223,
  "Rouge-2": 0.054811631749697526,
  "Rouge-L": 0.11715766441804873
}