{
  "M": 0.5821428571428572,
  "EM": 0.01375,
  "F1": 0.10494964279493331,
  "Precision": 0.06997543789651611,
  "Recall": 0.44946735856730746,
  "Rouge-1": 0.13028049678969364,
  "Rouge-2": 0.06329813338091013,
  "Rouge-L": 0.12905585226260138
}