{
  "M": 0.834018691588785,
  "EM": 0.007476635514018692,
  "F1": 0.1642170160332747,
  "Precision": 0.10988117270923466,
  "Recall": 0.61609881289833,
  "Rouge-1": 0.20888919926584476,
  "Rouge-2": 0.10817432917220111,
  "Rouge-L": 0.20479887246420275
}