{
  "M": 0.5511044552602021,
  "EM": 0.0,
  "F1": 0.08962181353440435,
  "Precision": 0.05566002566788581,
  "Recall": 0.4682615181030236,
  "Rouge-1": 0.12310768873896202,
  "Rouge-2": 0.04746252868854191,
  "Rouge-L": 0.11942528798794971
}