{
  "M": 0.09981308411214954,
  "EM": 0.0,
  "F1": 0.030841415326603318,
  "Precision": 0.0194213104321262,
  "Recall": 0.15076012988465065,
  "Rouge-1": 0.04160984416919562,
  "Rouge-2": 0.008148786631090853,
  "Rouge-L": 0.04004245913499709
}