{
  "M": 0.8377570093457944,
  "EM": 0.005233644859813084,
  "F1": 0.16935396130053584,
  "Precision": 0.1121226479233717,
  "Recall": 0.6238377769268545,
  "Rouge-1": 0.21370378109600488,
  "Rouge-2": 0.10950537087878262,
  "Rouge-L": 0.20942896618097562
}