{
  "M": 0.5199142704054296,
  "EM": 0.0,
  "F1": 0.06240151679399589,
  "Precision": 0.03558224170594656,
  "Recall": 0.41000988578394876,
  "Rouge-1": 0.08255093263595516,
  "Rouge-2": 0.033522810996522476,
  "Rouge-L": 0.08133680211127475
}