{
  "M": 0.5417857142857143,
  "EM": 0.002857142857142857,
  "F1": 0.07316876487478624,
  "Precision": 0.0437680959163967,
  "Recall": 0.3874561325166491,
  "Rouge-1": 0.1066673735617264,
  "Rouge-2": 0.04665852724168861,
  "Rouge-L": 0.10555198334894385
}