{
  "M": 0.33486076841734225,
  "EM": 0.0426506873457878,
  "F1": 0.10511336888485635,
  "Precision": 0.0816875312824817,
  "Recall": 0.28459377895926463,
  "Rouge-1": 0.15208607884302597,
  "Rouge-2": 0.06274882513345426,
  "Rouge-L": 0.14780885003075395
}