{
  "M": 0.6147510295769375,
  "EM": 0.0,
  "F1": 0.09786423884976751,
  "Precision": 0.06141984087817491,
  "Recall": 0.4930419343641115,
  "Rouge-1": 0.13693590813587728,
  "Rouge-2": 0.05506354671972284,
  "Rouge-L": 0.13348954469626878
}