{
  "M": 0.19289719626168225,
  "EM": 0.0,
  "F1": 0.04283772515179245,
  "Precision": 0.027417305890997758,
  "Recall": 0.19136499838414736,
  "Rouge-1": 0.05286634009866724,
  "Rouge-2": 0.019196748518914928,
  "Rouge-L": 0.05113625943682175
}