{
  "M": 0.42864797285229506,
  "EM": 0.0,
  "F1": 0.057999850628025866,
  "Precision": 0.03375558769732709,
  "Recall": 0.31715642178947767,
  "Rouge-1": 0.08397956122731529,
  "Rouge-2": 0.03355949998205026,
  "Rouge-L": 0.08283502502324508
}