{
  "M": 0.5260714285714285,
  "EM": 0.0,
  "F1": 0.06612583486236165,
  "Precision": 0.03783499967481719,
  "Recall": 0.41921205107226917,
  "Rouge-1": 0.08439944295305236,
  "Rouge-2": 0.03470239026790636,
  "Rouge-L": 0.0833154683738538
}