{
  "M": 0.49785714285714283,
  "EM": 0.0005357142857142857,
  "F1": 0.06302511053866555,
  "Precision": 0.03623909828952977,
  "Recall": 0.4089805321749912,
  "Rouge-1": 0.07935613767407908,
  "Rouge-2": 0.032394552861675065,
  "Rouge-L": 0.07831287550059562
}