{
  "M": 0.5522276301010858,
  "EM": 0.0,
  "F1": 0.09074521148060208,
  "Precision": 0.0564934173626808,
  "Recall": 0.47037873114912826,
  "Rouge-1": 0.12628525333232213,
  "Rouge-2": 0.04814907069588503,
  "Rouge-L": 0.12240601782864133
}