{
  "M": 0.7423334508283398,
  "EM": 0.00035248501938667606,
  "F1": 0.0971215877413314,
  "Precision": 0.0586390863849438,
  "Recall": 0.6103785095010295,
  "Rouge-1": 0.12469777442101156,
  "Rouge-2": 0.05373209284360352,
  "Rouge-L": 0.12138072662815148
}