{
  "M": 0.49089285714285713,
  "EM": 0.0,
  "F1": 0.061709565472259614,
  "Precision": 0.03527359189809367,
  "Recall": 0.3907699027355084,
  "Rouge-1": 0.07844797275882992,
  "Rouge-2": 0.031520758873435785,
  "Rouge-L": 0.07728711461109362
}