{
  "M": 0.7420560747663552,
  "EM": 0.001869158878504673,
  "F1": 0.12273025425821088,
  "Precision": 0.07853097280565773,
  "Recall": 0.5594500814658906,
  "Rouge-1": 0.16636864759010286,
  "Rouge-2": 0.0753472020325871,
  "Rouge-L": 0.16265791486931314
}