{
  "M": 0.6166071428571429,
  "EM": 0.0,
  "F1": 0.07071978908675329,
  "Precision": 0.04014059095033583,
  "Recall": 0.4720479953713175,
  "Rouge-1": 0.09353107072358997,
  "Rouge-2": 0.03965558711864774,
  "Rouge-L": 0.09232656554519653
}