{
  "M": 0.2437935345597428,
  "EM": 0.0,
  "F1": 0.04996482522578774,
  "Precision": 0.02975064130048327,
  "Recall": 0.23329376553246003,
  "Rouge-1": 0.06542387926223514,
  "Rouge-2": 0.02433098280781761,
  "Rouge-L": 0.06421297097434513
}