{
  "M": 0.748785046728972,
  "EM": 0.0014953271028037382,
  "F1": 0.1285850669226017,
  "Precision": 0.08284617431262978,
  "Recall": 0.5506461770602861,
  "Rouge-1": 0.17709313637624655,
  "Rouge-2": 0.07907031576813246,
  "Rouge-L": 0.17173272734877706
}