{
  "M": 0.35535714285714287,
  "EM": 0.0,
  "F1": 0.06069099406066763,
  "Precision": 0.035971882018115194,
  "Recall": 0.29985928689044017,
  "Rouge-1": 0.07967465412998538,
  "Rouge-2": 0.03376849787684616,
  "Rouge-L": 0.07879912290864195
}