{
  "M": 0.6418413173652695,
  "EM": 0.00037425149700598805,
  "F1": 0.11647973659408778,
  "Precision": 0.07503480766485822,
  "Recall": 0.5043250408982358,
  "Rouge-1": 0.15706574558345396,
  "Rouge-2": 0.06789918119696793,
  "Rouge-L": 0.15281749008229426
}