{
  "M": 0.8198130841121495,
  "EM": 0.0007476635514018691,
  "F1": 0.12531201442612058,
  "Precision": 0.07819916689470133,
  "Recall": 0.6366093272769149,
  "Rouge-1": 0.1561520791077923,
  "Rouge-2": 0.07418942901821797,
  "Rouge-L": 0.15182830994123062
}