{
  "M": 0.6640817765244977,
  "EM": 0.0007049700387733521,
  "F1": 0.10419337554533328,
  "Precision": 0.06582965956426344,
  "Recall": 0.5129718632562904,
  "Rouge-1": 0.14606102844195354,
  "Rouge-2": 0.05990188470222943,
  "Rouge-L": 0.142463483202655
}