{
  "M": 0.21639835267690002,
  "EM": 0.0,
  "F1": 0.04807571533746722,
  "Precision": 0.02990382439054385,
  "Recall": 0.2385548381673784,
  "Rouge-1": 0.061043676097023214,
  "Rouge-2": 0.018146132450820224,
  "Rouge-L": 0.058328169536356306
}