{
  "M": 0.8489719626168224,
  "EM": 0.005233644859813084,
  "F1": 0.16078694590408443,
  "Precision": 0.1061462650203451,
  "Recall": 0.6344664993515706,
  "Rouge-1": 0.2037567413151781,
  "Rouge-2": 0.10480582606345375,
  "Rouge-L": 0.2002919601681629
}