{
  "M": 0.42400428647972854,
  "EM": 0.0,
  "F1": 0.05821343372925689,
  "Precision": 0.03367787776382201,
  "Recall": 0.3252400517203374,
  "Rouge-1": 0.08437257082867684,
  "Rouge-2": 0.033009764838184845,
  "Rouge-L": 0.08322328639755933
}