{
  "M": 0.5942857142857143,
  "EM": 0.01732142857142857,
  "F1": 0.10997253921280029,
  "Precision": 0.07526119682047885,
  "Recall": 0.46688507401565094,
  "Rouge-1": 0.13526099816049952,
  "Rouge-2": 0.06687270173454908,
  "Rouge-L": 0.13433217213027523
}