{
  "M": 0.5873214285714285,
  "EM": 0.01839285714285714,
  "F1": 0.11124584782460308,
  "Precision": 0.07669189087367727,
  "Recall": 0.46114792207752314,
  "Rouge-1": 0.13615605240525855,
  "Rouge-2": 0.06832836140577464,
  "Rouge-L": 0.13519101474300815
}