{
  "M": 0.24165029469548133,
  "EM": 0.0001786033220217896,
  "F1": 0.04764848045174232,
  "Precision": 0.02816741033671886,
  "Recall": 0.23421217863575297,
  "Rouge-1": 0.06109392860638958,
  "Rouge-2": 0.023089418300988887,
  "Rouge-L": 0.059990504025537975
}