{
  "M": 0.5138417574566887,
  "EM": 0.0,
  "F1": 0.05944381569750823,
  "Precision": 0.03379019474584517,
  "Recall": 0.4129685189341671,
  "Rouge-1": 0.07859557836694547,
  "Rouge-2": 0.031429490348500407,
  "Rouge-L": 0.077325366454801
}