{
  "M": 0.6900037439161363,
  "EM": 0.0,
  "F1": 0.09309964099866373,
  "Precision": 0.05661365251153304,
  "Recall": 0.5781254267750011,
  "Rouge-1": 0.1198797915206471,
  "Rouge-2": 0.051765432998939785,
  "Rouge-L": 0.11660214457465995
}