{
  "M": 0.5889180082366156,
  "EM": 0.0,
  "F1": 0.09755204855570865,
  "Precision": 0.06179490654208573,
  "Recall": 0.47390825709674855,
  "Rouge-1": 0.13556679257085652,
  "Rouge-2": 0.05578308051063945,
  "Rouge-L": 0.13232268898382626
}