{
  "M": 0.5167857142857143,
  "EM": 0.0005357142857142857,
  "F1": 0.07022323440091692,
  "Precision": 0.04130846142065759,
  "Recall": 0.37086363219990487,
  "Rouge-1": 0.10191860902791924,
  "Rouge-2": 0.04283183350804373,
  "Rouge-L": 0.10073841833234488
}