{
  "M": 0.037383177570093455,
  "EM": 0.0,
  "F1": 0.023453739782493738,
  "Precision": 0.014951188143066178,
  "Recall": 0.10198063301521645,
  "Rouge-1": 0.030545432755034643,
  "Rouge-2": 0.0035457409652362745,
  "Rouge-L": 0.029241840683551516
}