{
  "M": 0.6425801903419105,
  "EM": 0.0014099400775467042,
  "F1": 0.09622526514690369,
  "Precision": 0.05974327620998585,
  "Recall": 0.5233143608280898,
  "Rouge-1": 0.13209103262790803,
  "Rouge-2": 0.05248947631901685,
  "Rouge-L": 0.12856479674955873
}