{
  "M": 0.6075,
  "EM": 0.0,
  "F1": 0.07031744203047738,
  "Precision": 0.040029644170114016,
  "Recall": 0.4656736084692741,
  "Rouge-1": 0.09226750007716271,
  "Rouge-2": 0.038900138657947544,
  "Rouge-L": 0.09089491207284837
}