{
  "M": 0.7195806813927368,
  "EM": 0.00037439161362785476,
  "F1": 0.09733408493764248,
  "Precision": 0.05945074888992137,
  "Recall": 0.5933674247991163,
  "Rouge-1": 0.12445767895603096,
  "Rouge-2": 0.05376837006680971,
  "Rouge-L": 0.12096748611822565
}