{
  "M": 0.5409958816922501,
  "EM": 0.0,
  "F1": 0.08702037773044283,
  "Precision": 0.0541876768692197,
  "Recall": 0.4645158474424366,
  "Rouge-1": 0.12052981790997286,
  "Rouge-2": 0.04548089578213595,
  "Rouge-L": 0.11706922565559555
}