{
  "M": 0.2848598130841121,
  "EM": 0.0,
  "F1": 0.053095616589041064,
  "Precision": 0.03327738884538806,
  "Recall": 0.2573219686996012,
  "Rouge-1": 0.06547561708174159,
  "Rouge-2": 0.026010521386757864,
  "Rouge-L": 0.06369718943980038
}