{
  "M": 0.5466117558966679,
  "EM": 0.0,
  "F1": 0.08695614011245995,
  "Precision": 0.05389352537389216,
  "Recall": 0.47115600956014403,
  "Rouge-1": 0.1196148821315348,
  "Rouge-2": 0.04470881120139674,
  "Rouge-L": 0.11604687028206152
}