{
  "M": 0.6941220516660427,
  "EM": 0.0,
  "F1": 0.09469398900183298,
  "Precision": 0.05767848231116547,
  "Recall": 0.5633416675218417,
  "Rouge-1": 0.12416292212451713,
  "Rouge-2": 0.05352085645228136,
  "Rouge-L": 0.12063409746804682
}