{
  "M": 0.7555140186915887,
  "EM": 0.0011214953271028037,
  "F1": 0.13257744543077626,
  "Precision": 0.08535882753762693,
  "Recall": 0.5551862982844217,
  "Rouge-1": 0.1820004238380709,
  "Rouge-2": 0.0836728986948185,
  "Rouge-L": 0.17777160264582514
}