{
  "M": 0.3482142857142857,
  "EM": 0.0,
  "F1": 0.061731722116625726,
  "Precision": 0.03689348395031409,
  "Recall": 0.29966839677764734,
  "Rouge-1": 0.07738150138260758,
  "Rouge-2": 0.03386280257667942,
  "Rouge-L": 0.07658925992792827
}