{
  "M": 0.3457142857142857,
  "EM": 0.0,
  "F1": 0.0618930715575549,
  "Precision": 0.03694990606727504,
  "Recall": 0.29263266000333393,
  "Rouge-1": 0.07981417618333495,
  "Rouge-2": 0.03332818291832939,
  "Rouge-L": 0.0788111955719467
}