{
  "M": 0.04754773493073755,
  "EM": 0.0,
  "F1": 0.027903035910436167,
  "Precision": 0.01754915975799862,
  "Recall": 0.12787200701218984,
  "Rouge-1": 0.03948560357814372,
  "Rouge-2": 0.005859514654476932,
  "Rouge-L": 0.0380396278037278
}