{
  "M": 0.4953571428571429,
  "EM": 0.00017857142857142857,
  "F1": 0.05980876281166695,
  "Precision": 0.034251083049306304,
  "Recall": 0.39167700035249653,
  "Rouge-1": 0.07673437943437436,
  "Rouge-2": 0.031127607031106643,
  "Rouge-L": 0.07580143059312411
}