{
  "M": 0.5709472107824785,
  "EM": 0.0,
  "F1": 0.09862983204399485,
  "Precision": 0.06274938220544343,
  "Recall": 0.4630096357876369,
  "Rouge-1": 0.1370954228701846,
  "Rouge-2": 0.05470300510393292,
  "Rouge-L": 0.13311482414220266
}