{
  "M": 0.6119642857142857,
  "EM": 0.0,
  "F1": 0.07355085525461787,
  "Precision": 0.04194591705455183,
  "Recall": 0.4633705722673685,
  "Rouge-1": 0.09635112192778962,
  "Rouge-2": 0.04098619858214703,
  "Rouge-L": 0.09510771056436397
}