{
  "M": 0.258081800321486,
  "EM": 0.0,
  "F1": 0.051396042653603806,
  "Precision": 0.030606975838555102,
  "Recall": 0.2388859231296749,
  "Rouge-1": 0.06678526603586243,
  "Rouge-2": 0.025138904189955364,
  "Rouge-L": 0.06567711629106918
}