{
  "M": 0.526343989998214,
  "EM": 0.007858546168958742,
  "F1": 0.09435358919921631,
  "Precision": 0.061552158697311905,
  "Recall": 0.41841581688892443,
  "Rouge-1": 0.119695183728328,
  "Rouge-2": 0.053897491891325686,
  "Rouge-L": 0.1182022025625473
}