{
  "M": 0.2902303982854081,
  "EM": 0.0,
  "F1": 0.056046679010863146,
  "Precision": 0.03329426790928252,
  "Recall": 0.2604807457538858,
  "Rouge-1": 0.07212506031081568,
  "Rouge-2": 0.028013678237046973,
  "Rouge-L": 0.07111518257648895
}