{
  "M": 0.7409235107507931,
  "EM": 0.00035248501938667606,
  "F1": 0.09663227058009405,
  "Precision": 0.058587386311389246,
  "Recall": 0.6006747614307134,
  "Rouge-1": 0.1250039869726159,
  "Rouge-2": 0.05412268314315138,
  "Rouge-L": 0.12137446026215748
}