{
  "M": 0.7479732111385267,
  "EM": 0.0,
  "F1": 0.10637071531591957,
  "Precision": 0.06545631333584977,
  "Recall": 0.5895002667038367,
  "Rouge-1": 0.13705895073919425,
  "Rouge-2": 0.060805027780422634,
  "Rouge-L": 0.1332001658480842
}