{
  "M": 0.04792212654436541,
  "EM": 0.0,
  "F1": 0.02772242505347534,
  "Precision": 0.01740887014854865,
  "Recall": 0.12847500769464693,
  "Rouge-1": 0.03900296049408315,
  "Rouge-2": 0.00547221157321181,
  "Rouge-L": 0.037276332955993585
}