{
  "M": 0.09235107507930913,
  "EM": 0.0,
  "F1": 0.030146249350284877,
  "Precision": 0.018818199630400743,
  "Recall": 0.1512800168336392,
  "Rouge-1": 0.04312201779628819,
  "Rouge-2": 0.0080472758110667,
  "Rouge-L": 0.041409336266541315
}