{
  "M": 0.38642857142857145,
  "EM": 0.009464285714285715,
  "F1": 0.07515693524883081,
  "Precision": 0.0508849249802207,
  "Recall": 0.3274300386246082,
  "Rouge-1": 0.092702414815942,
  "Rouge-2": 0.04016435741892039,
  "Rouge-L": 0.09157964445479462
}