{
  "M": 0.2291276675402471,
  "EM": 0.0,
  "F1": 0.04986365715110406,
  "Precision": 0.030883069954624923,
  "Recall": 0.25172490303101647,
  "Rouge-1": 0.062670358418234,
  "Rouge-2": 0.018780242610507876,
  "Rouge-L": 0.06002192170777292
}