{
  "M": 0.765233644859813,
  "EM": 0.0011214953271028037,
  "F1": 0.1403285325850862,
  "Precision": 0.09152391052894399,
  "Recall": 0.5545474302922558,
  "Rouge-1": 0.19450203890167367,
  "Rouge-2": 0.09030174669458164,
  "Rouge-L": 0.18993154737664128
}