{
  "M": 0.6218644702358667,
  "EM": 0.0,
  "F1": 0.09924101542630931,
  "Precision": 0.06228174149921698,
  "Recall": 0.5031336956390571,
  "Rouge-1": 0.13804548386192517,
  "Rouge-2": 0.05627571946853404,
  "Rouge-L": 0.13433607794982635
}