{
  "M": 0.5789285714285715,
  "EM": 0.019107142857142857,
  "F1": 0.11127339447800176,
  "Precision": 0.07683997031324412,
  "Recall": 0.4527089676135452,
  "Rouge-1": 0.13601509275751397,
  "Rouge-2": 0.06893043765085867,
  "Rouge-L": 0.13475803716374748
}