{
  "M": 0.5126785714285714,
  "EM": 0.0007142857142857143,
  "F1": 0.07068903172493472,
  "Precision": 0.0418956675280037,
  "Recall": 0.36359691638816616,
  "Rouge-1": 0.10356969875228227,
  "Rouge-2": 0.04400939319239635,
  "Rouge-L": 0.10246517317253019
}