{
  "M": 0.7419809658089531,
  "EM": 0.00035248501938667606,
  "F1": 0.09766802306518821,
  "Precision": 0.05883946385558137,
  "Recall": 0.6093535053272595,
  "Rouge-1": 0.1264565025439382,
  "Rouge-2": 0.054765266724051825,
  "Rouge-L": 0.12314139739394908
}