{
  "M": 0.7409235107507931,
  "EM": 0.00035248501938667606,
  "F1": 0.10388028564955802,
  "Precision": 0.06395772303993767,
  "Recall": 0.5832698389814546,
  "Rouge-1": 0.13328084766154016,
  "Rouge-2": 0.058380866074346484,
  "Rouge-L": 0.12955316438588768
}