{
  "M": 0.037383177570093455,
  "EM": 0.0,
  "F1": 0.02301910596796885,
  "Precision": 0.014580537473258357,
  "Recall": 0.10061909597553487,
  "Rouge-1": 0.03000928794477798,
  "Rouge-2": 0.0035216840897167416,
  "Rouge-L": 0.02882402722848711
}