{
  "M": 0.577311868214152,
  "EM": 0.0,
  "F1": 0.09820828030696195,
  "Precision": 0.06194378816936681,
  "Recall": 0.4722886819521428,
  "Rouge-1": 0.13616138656038168,
  "Rouge-2": 0.05525808151786901,
  "Rouge-L": 0.13285484335741335
}