{
  "M": 0.5439285714285714,
  "EM": 0.0026785714285714286,
  "F1": 0.07248635322989076,
  "Precision": 0.043465392143467514,
  "Recall": 0.3849984783003497,
  "Rouge-1": 0.10662141748231302,
  "Rouge-2": 0.04634780567615849,
  "Rouge-L": 0.10549578735294846
}