{
  "M": 0.6014285714285714,
  "EM": 0.01625,
  "F1": 0.10809342070947935,
  "Precision": 0.07296088151747057,
  "Recall": 0.46455620395854946,
  "Rouge-1": 0.13343984915575682,
  "Rouge-2": 0.06633330375963156,
  "Rouge-L": 0.13238171472568983
}