{
  "M": 0.6765256458255335,
  "EM": 0.00037439161362785476,
  "F1": 0.09138791388252504,
  "Precision": 0.05577842745312027,
  "Recall": 0.5610154667486505,
  "Rouge-1": 0.11895382787547859,
  "Rouge-2": 0.050833263017310906,
  "Rouge-L": 0.11540134836722832
}