{
  "M": 0.23545999295029962,
  "EM": 0.0,
  "F1": 0.04601298093880148,
  "Precision": 0.028356186573596474,
  "Recall": 0.2460610214300126,
  "Rouge-1": 0.05818410566945893,
  "Rouge-2": 0.01785133514215422,
  "Rouge-L": 0.05614983440115526
}