{
  "M": 0.07895664434261544,
  "EM": 0.0,
  "F1": 0.028274490818310585,
  "Precision": 0.01767352224397617,
  "Recall": 0.14048361122168593,
  "Rouge-1": 0.040736706334271636,
  "Rouge-2": 0.006146059158774516,
  "Rouge-L": 0.03904809029587872
}