{
  "M": 0.6207142857142857,
  "EM": 0.0,
  "F1": 0.07212154711263798,
  "Precision": 0.04099339881395391,
  "Recall": 0.47131129972845476,
  "Rouge-1": 0.09506274705242578,
  "Rouge-2": 0.04046569043957808,
  "Rouge-L": 0.09380250737524014
}