{
  "M": 0.16934579439252337,
  "EM": 0.0,
  "F1": 0.038870008770188286,
  "Precision": 0.024553002709774615,
  "Recall": 0.17978215553607332,
  "Rouge-1": 0.047570133788494715,
  "Rouge-2": 0.01559298239043049,
  "Rouge-L": 0.04604156922819582
}