{
  "M": 0.724709199859006,
  "EM": 0.0028198801550934085,
  "F1": 0.1257916681504116,
  "Precision": 0.0810923308433207,
  "Recall": 0.5711344648301171,
  "Rouge-1": 0.16416500518585078,
  "Rouge-2": 0.07638625149248048,
  "Rouge-L": 0.16027476399108076
}