{
  "M": 0.6210714285714286,
  "EM": 0.01375,
  "F1": 0.11090666461563951,
  "Precision": 0.07336699072497756,
  "Recall": 0.4701428526001861,
  "Rouge-1": 0.13954896858205926,
  "Rouge-2": 0.0683261512771816,
  "Rouge-L": 0.1381291775705524
}