{
  "M": 0.6903781355297641,
  "EM": 0.0,
  "F1": 0.09205333668989683,
  "Precision": 0.055856876221579324,
  "Recall": 0.5686839244595252,
  "Rouge-1": 0.11840644358750405,
  "Rouge-2": 0.05053059790900141,
  "Rouge-L": 0.11508492848677665
}