{
  "M": 0.3200563976031019,
  "EM": 0.0,
  "F1": 0.054259775203983646,
  "Precision": 0.03316113171228491,
  "Recall": 0.30007677687167517,
  "Rouge-1": 0.06919527368816371,
  "Rouge-2": 0.02221120356554319,
  "Rouge-L": 0.06650847060851478
}