{
  "M": 0.7749532710280373,
  "EM": 0.002616822429906542,
  "F1": 0.13744006848608262,
  "Precision": 0.08908080244739106,
  "Recall": 0.5563051949929858,
  "Rouge-1": 0.19096282738742054,
  "Rouge-2": 0.08713715996806,
  "Rouge-L": 0.18665523689842775
}