{
  "M": 0.5971546237364284,
  "EM": 0.0,
  "F1": 0.09948113388888623,
  "Precision": 0.06279693371954469,
  "Recall": 0.482857627857823,
  "Rouge-1": 0.1373943747044418,
  "Rouge-2": 0.056965653694874725,
  "Rouge-L": 0.13399649090487561
}