{
  "M": 0.7678504672897196,
  "EM": 0.0007476635514018691,
  "F1": 0.13512277054146515,
  "Precision": 0.08728075349465463,
  "Recall": 0.5738763760514193,
  "Rouge-1": 0.18492987485532789,
  "Rouge-2": 0.08328274754010657,
  "Rouge-L": 0.18006403960177375
}