{
  "M": 0.7626168224299066,
  "EM": 0.0029906542056074765,
  "F1": 0.1366220821017849,
  "Precision": 0.08918960323143593,
  "Recall": 0.5460821618733002,
  "Rouge-1": 0.19004469807110827,
  "Rouge-2": 0.08690362137752836,
  "Rouge-L": 0.18569383265162343
}