{
  "M": 0.5262601339443074,
  "EM": 0.005639760310186817,
  "F1": 0.09447112495358441,
  "Precision": 0.06256811676560245,
  "Recall": 0.42197666959237096,
  "Rouge-1": 0.12385864851615834,
  "Rouge-2": 0.0432088256374342,
  "Rouge-L": 0.1194047653016478
}