{
  "M": 0.5146428571428572,
  "EM": 0.00035714285714285714,
  "F1": 0.0673206264626977,
  "Precision": 0.03906144339504951,
  "Recall": 0.37591388077053306,
  "Rouge-1": 0.09745398222521894,
  "Rouge-2": 0.04053951254786388,
  "Rouge-L": 0.09623625870551523
}