{
  "M": 0.6858854361662299,
  "EM": 0.00037439161362785476,
  "F1": 0.09271040229783972,
  "Precision": 0.056454428724060944,
  "Recall": 0.567624057159821,
  "Rouge-1": 0.11926876098920007,
  "Rouge-2": 0.05054898922750085,
  "Rouge-L": 0.11561634298603744
}