{
  "M": 0.61625,
  "EM": 0.0,
  "F1": 0.07143512469774517,
  "Precision": 0.040628887765162575,
  "Recall": 0.46999455820697805,
  "Rouge-1": 0.09397933506371582,
  "Rouge-2": 0.03997432263193762,
  "Rouge-L": 0.09277551059494446
}