{
  "M": 0.3730841121495327,
  "EM": 0.0,
  "F1": 0.06018131635595408,
  "Precision": 0.03726166961229718,
  "Recall": 0.31387156235433133,
  "Rouge-1": 0.0757398382144533,
  "Rouge-2": 0.030323478760224027,
  "Rouge-L": 0.07387956003408554
}