{
  "M": 0.5278571428571428,
  "EM": 0.004464285714285714,
  "F1": 0.07441964098417163,
  "Precision": 0.045289152868141454,
  "Recall": 0.36923846162728985,
  "Rouge-1": 0.1107882859149614,
  "Rouge-2": 0.047838088803297034,
  "Rouge-L": 0.1096633046805078
}