{
  "M": 0.6881317858479971,
  "EM": 0.002995132909022838,
  "F1": 0.12109586722682628,
  "Precision": 0.07795840534379288,
  "Recall": 0.549268378929524,
  "Rouge-1": 0.15745699142686087,
  "Rouge-2": 0.07368788887270132,
  "Rouge-L": 0.15374296678855426
}