{
  "M": 0.5041071428571429,
  "EM": 0.0005357142857142857,
  "F1": 0.06683832358577763,
  "Precision": 0.03886202879552158,
  "Recall": 0.3658558196742076,
  "Rouge-1": 0.09633054282258359,
  "Rouge-2": 0.04026946827384823,
  "Rouge-L": 0.09515995265602908
}