{
  "M": 0.515,
  "EM": 0.00017857142857142857,
  "F1": 0.06773526412444242,
  "Precision": 0.03941312489477134,
  "Recall": 0.37194756196246137,
  "Rouge-1": 0.09809067895338483,
  "Rouge-2": 0.04080251187291106,
  "Rouge-L": 0.09697347750093607
}