{
  "M": 0.3063046972673692,
  "EM": 0.0,
  "F1": 0.05674621021526122,
  "Precision": 0.033443662550362664,
  "Recall": 0.2746756532860185,
  "Rouge-1": 0.07397584201209277,
  "Rouge-2": 0.028413511287583213,
  "Rouge-L": 0.07270467407579001
}