{
  "M": 0.6658442016214311,
  "EM": 0.0007049700387733521,
  "F1": 0.1032977769708976,
  "Precision": 0.06527866705667783,
  "Recall": 0.5100347858784395,
  "Rouge-1": 0.1453103777057278,
  "Rouge-2": 0.06072289791354713,
  "Rouge-L": 0.1420072946135925
}