{
  "M": 0.03514018691588785,
  "EM": 0.0,
  "F1": 0.023212548560613926,
  "Precision": 0.014837040935895674,
  "Recall": 0.10044157821413797,
  "Rouge-1": 0.030163317131857194,
  "Rouge-2": 0.0033640251934976837,
  "Rouge-L": 0.029115796421178595
}