{
  "M": 0.6901656679591117,
  "EM": 0.0007049700387733521,
  "F1": 0.10542192546618105,
  "Precision": 0.06648787687043864,
  "Recall": 0.5338943184371319,
  "Rouge-1": 0.14709755899567514,
  "Rouge-2": 0.06171046999648284,
  "Rouge-L": 0.14353716783371898
}