{
  "M": 0.6121428571428571,
  "EM": 0.012678571428571428,
  "F1": 0.11018916923601679,
  "Precision": 0.07278956438174596,
  "Recall": 0.46597644148138956,
  "Rouge-1": 0.13855310560242198,
  "Rouge-2": 0.06685532691577022,
  "Rouge-L": 0.13737012471744525
}