{
  "M": 0.7614953271028038,
  "EM": 0.001869158878504673,
  "F1": 0.13411540921899265,
  "Precision": 0.08709866820261276,
  "Recall": 0.5588275962496354,
  "Rouge-1": 0.18392442582589075,
  "Rouge-2": 0.08323162583683746,
  "Rouge-L": 0.17934886502524483
}