{
  "M": 0.5946428571428571,
  "EM": 0.01839285714285714,
  "F1": 0.11290717582823866,
  "Precision": 0.07756136423852222,
  "Recall": 0.45945325921897406,
  "Rouge-1": 0.13991030220319303,
  "Rouge-2": 0.06987825932775835,
  "Rouge-L": 0.13883321010674005
}