{
  "M": 0.6830089820359282,
  "EM": 0.0007485029940119761,
  "F1": 0.12194005483063683,
  "Precision": 0.07850531511073983,
  "Recall": 0.5258767818876733,
  "Rouge-1": 0.1650742822503001,
  "Rouge-2": 0.07249972944136289,
  "Rouge-L": 0.1608832944723713
}