{
  "M": 0.3651785714285714,
  "EM": 0.0,
  "F1": 0.06381446209959019,
  "Precision": 0.03823480616912518,
  "Recall": 0.29703738120892453,
  "Rouge-1": 0.08295174597565566,
  "Rouge-2": 0.03511025606919495,
  "Rouge-L": 0.08208761440191333
}