{
  "M": 0.3475502291152626,
  "EM": 0.0,
  "F1": 0.05772831384949829,
  "Precision": 0.03554001350921433,
  "Recall": 0.31721484461262367,
  "Rouge-1": 0.07360145940832238,
  "Rouge-2": 0.024517606212303367,
  "Rouge-L": 0.07092828871062141
}