{
  "M": 0.5191998571173424,
  "EM": 0.0,
  "F1": 0.06011813807615195,
  "Precision": 0.03414271265278061,
  "Recall": 0.41194893986555847,
  "Rouge-1": 0.07971977739972724,
  "Rouge-2": 0.032697778564903995,
  "Rouge-L": 0.07845760803783307
}