{
  "M": 0.41864618681907484,
  "EM": 0.0,
  "F1": 0.05805017019462791,
  "Precision": 0.03381140712674667,
  "Recall": 0.3168988440549884,
  "Rouge-1": 0.08416621536829834,
  "Rouge-2": 0.03303420227517231,
  "Rouge-L": 0.08293970086427044
}