{
  "M": 0.3657142857142857,
  "EM": 0.0,
  "F1": 0.0622776657868283,
  "Precision": 0.036769249707107696,
  "Recall": 0.3024936102001836,
  "Rouge-1": 0.08087152781822987,
  "Rouge-2": 0.03276805204743673,
  "Rouge-L": 0.07991623635754777
}