{
  "M": 0.6233928571428572,
  "EM": 0.017857142857142856,
  "F1": 0.1167539159231764,
  "Precision": 0.07899613298547732,
  "Recall": 0.47507526974720693,
  "Rouge-1": 0.1465656478376375,
  "Rouge-2": 0.07320344429858819,
  "Rouge-L": 0.14507269575331885
}