{
  "M": 0.5570947210782479,
  "EM": 0.0,
  "F1": 0.08668644042201881,
  "Precision": 0.05378989893095534,
  "Recall": 0.4740878399002877,
  "Rouge-1": 0.1200791114448142,
  "Rouge-2": 0.04471870735518474,
  "Rouge-L": 0.1163367789340928
}