{
  "M": 0.08124298015724447,
  "EM": 0.0,
  "F1": 0.03075887209675925,
  "Precision": 0.019090128173145145,
  "Recall": 0.15175261236403575,
  "Rouge-1": 0.043711108565621784,
  "Rouge-2": 0.007127624061124821,
  "Rouge-L": 0.0417973685918609
}