{
  "M": 0.02995132909022838,
  "EM": 0.0,
  "F1": 0.02612373943719828,
  "Precision": 0.016377218044026746,
  "Recall": 0.1159531746933446,
  "Rouge-1": 0.03714043907310352,
  "Rouge-2": 0.004482818137690257,
  "Rouge-L": 0.03572115399611965
}