{
  "M": 0.3492857142857143,
  "EM": 0.0,
  "F1": 0.058198635848969865,
  "Precision": 0.03412152100825553,
  "Recall": 0.3077695130668511,
  "Rouge-1": 0.07513667829531345,
  "Rouge-2": 0.030583395598139558,
  "Rouge-L": 0.07413977299187992
}