{
  "M": 0.10146012729314863,
  "EM": 0.0,
  "F1": 0.03272576284696813,
  "Precision": 0.02015085053892838,
  "Recall": 0.17375570996022976,
  "Rouge-1": 0.04804484444106934,
  "Rouge-2": 0.009245586745373848,
  "Rouge-L": 0.04605842035234385
}