{
  "M": 0.23611359171280585,
  "EM": 0.0,
  "F1": 0.04878473583267349,
  "Precision": 0.02904781305291318,
  "Recall": 0.23198055813310944,
  "Rouge-1": 0.06376072327017959,
  "Rouge-2": 0.02325844332910074,
  "Rouge-L": 0.06267176582254447
}