{
  "M": 0.8321495327102804,
  "EM": 0.006355140186915888,
  "F1": 0.16043749993923107,
  "Precision": 0.1066398170526549,
  "Recall": 0.6195987804147073,
  "Rouge-1": 0.20384576958535044,
  "Rouge-2": 0.10588879609678375,
  "Rouge-L": 0.20002277849821143
}