{
  "M": 0.5124129308805144,
  "EM": 0.0,
  "F1": 0.05977487838874411,
  "Precision": 0.03391335580599181,
  "Recall": 0.41132051264724373,
  "Rouge-1": 0.07956470131396204,
  "Rouge-2": 0.03213851795295074,
  "Rouge-L": 0.07821754777211269
}