{
  "M": 0.313359182234755,
  "EM": 0.0,
  "F1": 0.054669990305679726,
  "Precision": 0.033660805171495396,
  "Recall": 0.29451556447290284,
  "Rouge-1": 0.06958629733347352,
  "Rouge-2": 0.02323579841291186,
  "Rouge-L": 0.06698225903983558
}