{
  "M": 0.5144642857142857,
  "EM": 0.004107142857142857,
  "F1": 0.07567693883372596,
  "Precision": 0.04659678947135067,
  "Recall": 0.36327115473075505,
  "Rouge-1": 0.1121034570410181,
  "Rouge-2": 0.04870153566819785,
  "Rouge-L": 0.1109134083561366
}