{
  "M": 0.037757009345794394,
  "EM": 0.0,
  "F1": 0.023622598338237835,
  "Precision": 0.015181965046622286,
  "Recall": 0.10230029724656751,
  "Rouge-1": 0.030768106933234292,
  "Rouge-2": 0.003861910528815701,
  "Rouge-L": 0.02939697814253386
}