{
  "M": 0.6851366529389742,
  "EM": 0.00037439161362785476,
  "F1": 0.09418600990615347,
  "Precision": 0.05733259895965154,
  "Recall": 0.5823071560828965,
  "Rouge-1": 0.12005716161902356,
  "Rouge-2": 0.051393804092482655,
  "Rouge-L": 0.11654697549214489
}