{
  "M": 0.34542056074766353,
  "EM": 0.0,
  "F1": 0.05898958243438752,
  "Precision": 0.036681457818040795,
  "Recall": 0.3065927340845983,
  "Rouge-1": 0.07413905820411382,
  "Rouge-2": 0.028369027622414385,
  "Rouge-L": 0.07206180757505175
}