{
  "M": 0.41418110376853007,
  "EM": 0.0,
  "F1": 0.05746348811655722,
  "Precision": 0.03331502835460599,
  "Recall": 0.31551894301493827,
  "Rouge-1": 0.08342076183769694,
  "Rouge-2": 0.03297522346369506,
  "Rouge-L": 0.08227479386605473
}