{
  "M": 0.6183928571428572,
  "EM": 0.01839285714285714,
  "F1": 0.11681238112809926,
  "Precision": 0.07886391966548824,
  "Recall": 0.47252267043641155,
  "Rouge-1": 0.14573090411658077,
  "Rouge-2": 0.07358625987918535,
  "Rouge-L": 0.14426294520676963
}