{
  "M": 0.3597903406963684,
  "EM": 0.0,
  "F1": 0.06212359669265163,
  "Precision": 0.03759579388241661,
  "Recall": 0.35512991941172006,
  "Rouge-1": 0.07834712235487176,
  "Rouge-2": 0.02758308200870111,
  "Rouge-L": 0.07584162699047146
}