{
  "M": 0.52125,
  "EM": 0.004464285714285714,
  "F1": 0.07120733942383677,
  "Precision": 0.043500147532932305,
  "Recall": 0.3746168845206466,
  "Rouge-1": 0.10475360533954381,
  "Rouge-2": 0.045624363802168985,
  "Rouge-L": 0.10358099652831056
}