{
  "M": 0.08001409940077547,
  "EM": 0.0,
  "F1": 0.027615000506429375,
  "Precision": 0.017293765273768885,
  "Recall": 0.13676314561213443,
  "Rouge-1": 0.039573878217575194,
  "Rouge-2": 0.005939409008443597,
  "Rouge-L": 0.03791367284072924
}