{
  "M": 0.12911676646706588,
  "EM": 0.0,
  "F1": 0.039850238025921574,
  "Precision": 0.02500339491542849,
  "Recall": 0.1817525262322879,
  "Rouge-1": 0.05005958605205635,
  "Rouge-2": 0.012924288551962534,
  "Rouge-L": 0.04794319507051128
}