{
  "M": 0.58,
  "EM": 0.02107142857142857,
  "F1": 0.11500803357746466,
  "Precision": 0.08118399167420004,
  "Recall": 0.45228081086133387,
  "Rouge-1": 0.1408242324695063,
  "Rouge-2": 0.0719545028021325,
  "Rouge-L": 0.13987265917563668
}