{
  "M": 0.4072155742096803,
  "EM": 0.0,
  "F1": 0.056280586918695634,
  "Precision": 0.0327187866039861,
  "Recall": 0.3101311094244305,
  "Rouge-1": 0.08180448737974078,
  "Rouge-2": 0.0316996355174804,
  "Rouge-L": 0.08053899221964833
}