{
  "M": 0.26076085015181283,
  "EM": 0.0,
  "F1": 0.05226415474234546,
  "Precision": 0.03107378076004147,
  "Recall": 0.2441241891600467,
  "Rouge-1": 0.06807691970006213,
  "Rouge-2": 0.025956700002762234,
  "Rouge-L": 0.06673150571823072
}