{
  "M": 0.7419809658089531,
  "EM": 0.00035248501938667606,
  "F1": 0.0973964869565787,
  "Precision": 0.05893684706566701,
  "Recall": 0.605382653815374,
  "Rouge-1": 0.12540127707335347,
  "Rouge-2": 0.05440366655967681,
  "Rouge-L": 0.12212257409490526
}