{
  "M": 0.42739774959814253,
  "EM": 0.0,
  "F1": 0.05957434272082088,
  "Precision": 0.034647556712548336,
  "Recall": 0.32629336103907525,
  "Rouge-1": 0.08528507636349787,
  "Rouge-2": 0.03378874575547039,
  "Rouge-L": 0.08418187615040168
}