{
  "M": 0.036690378135529764,
  "EM": 0.0,
  "F1": 0.02688551557910224,
  "Precision": 0.01688109296885658,
  "Recall": 0.12242222317886345,
  "Rouge-1": 0.037832289573242674,
  "Rouge-2": 0.004731694581740733,
  "Rouge-L": 0.036470645322184525
}