{
  "M": 0.4998214285714286,
  "EM": 0.0,
  "F1": 0.06086793583562102,
  "Precision": 0.03477763526417956,
  "Recall": 0.3983782287689644,
  "Rouge-1": 0.07779670631023596,
  "Rouge-2": 0.031506251455660605,
  "Rouge-L": 0.07682189578361169
}