{
  "M": 0.8257943925233645,
  "EM": 0.007850467289719627,
  "F1": 0.1598382991329985,
  "Precision": 0.10687284052295198,
  "Recall": 0.6139685557212778,
  "Rouge-1": 0.2037139988257487,
  "Rouge-2": 0.10495840428605907,
  "Rouge-L": 0.1998207609257949
}