{
  "M": 0.3372030719771388,
  "EM": 0.0001786033220217896,
  "F1": 0.05764876835531106,
  "Precision": 0.03393445498303203,
  "Recall": 0.30345970064704386,
  "Rouge-1": 0.07469881653216222,
  "Rouge-2": 0.03036711260479849,
  "Rouge-L": 0.07385024945817335
}