{
  "M": 0.29928571428571427,
  "EM": 0.0,
  "F1": 0.053996908003483224,
  "Precision": 0.032041286374419914,
  "Recall": 0.25526343666453827,
  "Rouge-1": 0.07079850564939467,
  "Rouge-2": 0.028684640751445306,
  "Rouge-L": 0.07006803142979777
}