{
  "M": 0.5885714285714285,
  "EM": 0.018035714285714287,
  "F1": 0.11120837629702769,
  "Precision": 0.07658620681896125,
  "Recall": 0.46134446647402055,
  "Rouge-1": 0.13669879468941232,
  "Rouge-2": 0.06817601578203997,
  "Rouge-L": 0.13581551539753609
}