{
  "M": 0.2283788843129914,
  "EM": 0.0,
  "F1": 0.04990812994058954,
  "Precision": 0.0311203095396139,
  "Recall": 0.2469013528516432,
  "Rouge-1": 0.06325814201524092,
  "Rouge-2": 0.01997295473565783,
  "Rouge-L": 0.060830159717591495
}