{
  "M": 0.055409958816922504,
  "EM": 0.0,
  "F1": 0.0285573450015942,
  "Precision": 0.017897692763926498,
  "Recall": 0.13434664002972746,
  "Rouge-1": 0.04075071009723751,
  "Rouge-2": 0.006040730277445865,
  "Rouge-L": 0.03909430635594737
}