{
  "M": 0.5452759421325236,
  "EM": 0.009823182711198428,
  "F1": 0.09620059847934037,
  "Precision": 0.06289504254564927,
  "Recall": 0.4255944110180437,
  "Rouge-1": 0.12239240906380179,
  "Rouge-2": 0.05727105126042698,
  "Rouge-L": 0.12084569496075984
}