{
  "M": 0.6888805690752527,
  "EM": 0.0033695245226506927,
  "F1": 0.12222816762336298,
  "Precision": 0.0792895869413607,
  "Recall": 0.5428013231618887,
  "Rouge-1": 0.15975356178885336,
  "Rouge-2": 0.07556953180931575,
  "Rouge-L": 0.15670539390237753
}