{
  "M": 0.25165208072870154,
  "EM": 0.0,
  "F1": 0.05083777851488844,
  "Precision": 0.030330144826825334,
  "Recall": 0.23681585779384787,
  "Rouge-1": 0.0665788078150872,
  "Rouge-2": 0.02484009859294201,
  "Rouge-L": 0.06538435126748529
}