{
  "M": 0.23886184949457132,
  "EM": 0.0,
  "F1": 0.051617187972742735,
  "Precision": 0.03177744266658171,
  "Recall": 0.2599806190814108,
  "Rouge-1": 0.06506555639330691,
  "Rouge-2": 0.020450393945236744,
  "Rouge-L": 0.06256833673163271
}