{
  "M": 0.7493831512160734,
  "EM": 0.0,
  "F1": 0.10574263750015436,
  "Precision": 0.06511068676855415,
  "Recall": 0.5981980183287594,
  "Rouge-1": 0.1356134773062106,
  "Rouge-2": 0.06032458711898025,
  "Rouge-L": 0.13207969617136248
}