{
  "M": 0.045981308411214956,
  "EM": 0.0,
  "F1": 0.024350576902117192,
  "Precision": 0.01544966426682616,
  "Recall": 0.10728165702245113,
  "Rouge-1": 0.03162263049979903,
  "Rouge-2": 0.004401007675819721,
  "Rouge-L": 0.0302944263750558
}