{
  "M": 0.6141071428571429,
  "EM": 0.0,
  "F1": 0.07526216806995359,
  "Precision": 0.043058750542374825,
  "Recall": 0.4664501512473164,
  "Rouge-1": 0.09813639096791828,
  "Rouge-2": 0.041923518924658454,
  "Rouge-L": 0.09689042870559851
}