{
  "M": 0.62125,
  "EM": 0.014285714285714285,
  "F1": 0.1125430798818188,
  "Precision": 0.0745389370893109,
  "Recall": 0.47509916093246896,
  "Rouge-1": 0.14107850071042477,
  "Rouge-2": 0.06899840833400435,
  "Rouge-L": 0.13973988529743323
}