{
  "M": 0.6952452265069262,
  "EM": 0.0018719580681392737,
  "F1": 0.12129379952049639,
  "Precision": 0.077872411212567,
  "Recall": 0.554943679724564,
  "Rouge-1": 0.15760087609626822,
  "Rouge-2": 0.0728984651714144,
  "Rouge-L": 0.15406716003801033
}