{
  "M": 0.7249251497005988,
  "EM": 0.002619760479041916,
  "F1": 0.13023055734109915,
  "Precision": 0.08508643794194444,
  "Recall": 0.5640129153048872,
  "Rouge-1": 0.16989426064394003,
  "Rouge-2": 0.08152579589964483,
  "Rouge-L": 0.166133451982655
}