{
  "M": 0.08600634473034896,
  "EM": 0.0,
  "F1": 0.02931123384698934,
  "Precision": 0.018382739742300137,
  "Recall": 0.14380343988496727,
  "Rouge-1": 0.04205383355075633,
  "Rouge-2": 0.0076980498260976115,
  "Rouge-L": 0.04053528796444086
}