{
  "M": 0.37981308411214953,
  "EM": 0.0,
  "F1": 0.062485358744318535,
  "Precision": 0.0389244485190328,
  "Recall": 0.32314782645873774,
  "Rouge-1": 0.0784628207551893,
  "Rouge-2": 0.032607794147034026,
  "Rouge-L": 0.07630422000672558
}