{
  "M": 0.19580681392736804,
  "EM": 0.0,
  "F1": 0.04642830915307272,
  "Precision": 0.02891702292265228,
  "Recall": 0.22758941537387925,
  "Rouge-1": 0.05886169678136053,
  "Rouge-2": 0.01631404202541428,
  "Rouge-L": 0.05622976432804134
}