{
  "M": 0.12874251497005987,
  "EM": 0.0,
  "F1": 0.038698009840173936,
  "Precision": 0.024167730798014087,
  "Recall": 0.18201028453208382,
  "Rouge-1": 0.0482260715323115,
  "Rouge-2": 0.012291380032398517,
  "Rouge-L": 0.046266752373272095
}