{
  "M": 0.5368815859974996,
  "EM": 0.01321664582961243,
  "F1": 0.10041367559045104,
  "Precision": 0.0672285520272861,
  "Recall": 0.42455254506018075,
  "Rouge-1": 0.1263410879384993,
  "Rouge-2": 0.059598765739386814,
  "Rouge-L": 0.12478174258699894
}