{
  "M": 0.5407142857142857,
  "EM": 0.003928571428571429,
  "F1": 0.07285206456272723,
  "Precision": 0.04371550387359018,
  "Recall": 0.38637456871704023,
  "Rouge-1": 0.10732377992472483,
  "Rouge-2": 0.04679313312956712,
  "Rouge-L": 0.10612633694796855
}