{
  "M": 0.6002819880155094,
  "EM": 0.0,
  "F1": 0.08272939732693126,
  "Precision": 0.04960139750470224,
  "Recall": 0.5087054767583893,
  "Rouge-1": 0.10366613456458063,
  "Rouge-2": 0.04674884897306647,
  "Rouge-L": 0.10158786791206606
}