{
  "M": 0.3603571428571429,
  "EM": 0.00017857142857142857,
  "F1": 0.060278192973732526,
  "Precision": 0.03530393058869589,
  "Recall": 0.3146587054455876,
  "Rouge-1": 0.07726672699969411,
  "Rouge-2": 0.032220445921204155,
  "Rouge-L": 0.07641112089421098
}