{
  "M": 0.638702855128657,
  "EM": 0.0007049700387733521,
  "F1": 0.09760620608461598,
  "Precision": 0.060839128745854745,
  "Recall": 0.51483970828197,
  "Rouge-1": 0.13526447842627054,
  "Rouge-2": 0.05473595389914478,
  "Rouge-L": 0.13167574538399426
}