{
  "M": 0.08353894959464223,
  "EM": 0.0,
  "F1": 0.029261118217913187,
  "Precision": 0.018317721886736773,
  "Recall": 0.14530154557271316,
  "Rouge-1": 0.04164761294052363,
  "Rouge-2": 0.0073383967949742215,
  "Rouge-L": 0.03994141642313724
}