{
  "M": 0.5354527594213252,
  "EM": 0.0,
  "F1": 0.06406871954553789,
  "Precision": 0.036530639520472766,
  "Recall": 0.4211402430637801,
  "Rouge-1": 0.08395063375978014,
  "Rouge-2": 0.03464129318514238,
  "Rouge-L": 0.0828498713483499
}