{
  "M": 0.8351401869158879,
  "EM": 0.007850467289719627,
  "F1": 0.1604043066814502,
  "Precision": 0.10718530038901038,
  "Recall": 0.6221644304010876,
  "Rouge-1": 0.20403681260749817,
  "Rouge-2": 0.10531826021850559,
  "Rouge-L": 0.20016023016430298
}