{
  "M": 0.7585046728971963,
  "EM": 0.002616822429906542,
  "F1": 0.13441654811139106,
  "Precision": 0.08724660731926007,
  "Recall": 0.5442944473290364,
  "Rouge-1": 0.18554961919913987,
  "Rouge-2": 0.0843198930402962,
  "Rouge-L": 0.18083974138936257
}