{
  "M": 0.7469158878504673,
  "EM": 0.0022429906542056075,
  "F1": 0.1292703130206551,
  "Precision": 0.08343696408519087,
  "Recall": 0.5603669732479787,
  "Rouge-1": 0.17603769029632887,
  "Rouge-2": 0.07913415616976457,
  "Rouge-L": 0.17157543442170256
}