{
  "M": 0.759605216778287,
  "EM": 0.0028198801550934085,
  "F1": 0.1363565114846998,
  "Precision": 0.08866994740037645,
  "Recall": 0.5845823657684862,
  "Rouge-1": 0.17707178637632393,
  "Rouge-2": 0.08324309456425134,
  "Rouge-L": 0.1730695869874602
}