{
  "M": 0.6806485724356715,
  "EM": 0.0010574550581600281,
  "F1": 0.11795042908152997,
  "Precision": 0.07569053401230999,
  "Recall": 0.5122599128169757,
  "Rouge-1": 0.16131425096989443,
  "Rouge-2": 0.0693471134144354,
  "Rouge-L": 0.1569285554229807
}