{
  "M": 0.7416284807895664,
  "EM": 0.0021149101163200562,
  "F1": 0.12555469448849063,
  "Precision": 0.08071899343786926,
  "Recall": 0.5815724329407309,
  "Rouge-1": 0.16310102510303434,
  "Rouge-2": 0.07694818259016697,
  "Rouge-L": 0.15973353618513095
}