{
  "M": 0.5627105952826656,
  "EM": 0.0,
  "F1": 0.09135734122284664,
  "Precision": 0.056920981727529615,
  "Recall": 0.47717437611984076,
  "Rouge-1": 0.1260826952504223,
  "Rouge-2": 0.048670439974167236,
  "Rouge-L": 0.12211232081608926
}