{
  "M": 0.15509340853013748,
  "EM": 0.0,
  "F1": 0.03611402674484938,
  "Precision": 0.02222968605588915,
  "Recall": 0.19813371360393697,
  "Rouge-1": 0.05172396247664164,
  "Rouge-2": 0.012248457842379674,
  "Rouge-L": 0.04975145757040857
}