{
  "M": 0.038130841121495326,
  "EM": 0.0,
  "F1": 0.02325496484716925,
  "Precision": 0.01486756096964617,
  "Recall": 0.10167402488941316,
  "Rouge-1": 0.030365214143078082,
  "Rouge-2": 0.003245138838435597,
  "Rouge-L": 0.029203094376355418
}