{
  "M": 0.07289719626168224,
  "EM": 0.0,
  "F1": 0.02830044946646789,
  "Precision": 0.01800761273832345,
  "Recall": 0.12902735309911414,
  "Rouge-1": 0.03791463584028648,
  "Rouge-2": 0.006893415067365777,
  "Rouge-L": 0.036848493677620095
}