{
  "M": 0.26022504018574744,
  "EM": 0.0001786033220217896,
  "F1": 0.049897109717858094,
  "Precision": 0.029516984298788712,
  "Recall": 0.24422122854478504,
  "Rouge-1": 0.06356751870906327,
  "Rouge-2": 0.02476377931386284,
  "Rouge-L": 0.0625692722330459
}