{
  "M": 0.7525233644859813,
  "EM": 0.002616822429906542,
  "F1": 0.13025769325067132,
  "Precision": 0.08345221031131052,
  "Recall": 0.5701673876992143,
  "Rouge-1": 0.17427638016043415,
  "Rouge-2": 0.08004947134377499,
  "Rouge-L": 0.17050709429424002
}