{
  "M": 0.5340239328451509,
  "EM": 0.011966422575459903,
  "F1": 0.10021591142237807,
  "Precision": 0.06693763055234993,
  "Recall": 0.4215528467754235,
  "Rouge-1": 0.12671363126726484,
  "Rouge-2": 0.05954486746688467,
  "Rouge-L": 0.12515488637792166
}