{
  "M": 0.8302803738317757,
  "EM": 0.004485981308411215,
  "F1": 0.1684725136427268,
  "Precision": 0.11153171888385463,
  "Recall": 0.6284963056705765,
  "Rouge-1": 0.21484867430598475,
  "Rouge-2": 0.10683637404436527,
  "Rouge-L": 0.20961063179792477
}