{
  "M": 0.7536448598130842,
  "EM": 0.0033644859813084112,
  "F1": 0.14595326884351914,
  "Precision": 0.09613407241620055,
  "Recall": 0.545803230222135,
  "Rouge-1": 0.1974883535769718,
  "Rouge-2": 0.09358004937415364,
  "Rouge-L": 0.19288918828011783
}